Page Path,cq:robotsTags,Published Status,Replication Action,Last Replicated,Last Replicated By,lang masters path,edsPagePath
/content/abbvie-com2/at/de/error,noindex,Published,Activate,Mon Sep 29 2025 05:03:58 GMT-0400,feerosx,,/content/abbvie-nextgen-eds/corporate/abbvie-com/at/de/error
/content/abbvie-com2/at/de/error/403,noindex,Published,Activate,Mon Jul 20 2026 09:46:49 GMT-0400,klavimx,,/content/abbvie-nextgen-eds/corporate/abbvie-com/at/de/error/403
/content/abbvie-com2/at/de/error/404,noindex,Published,Activate,Mon Jul 20 2026 09:45:17 GMT-0400,klavimx,,/content/abbvie-nextgen-eds/corporate/abbvie-com/at/de/error/404
/content/abbvie-com2/at/de/error/500,noindex,Published,Activate,Mon Jul 20 2026 09:46:18 GMT-0400,klavimx,,/content/abbvie-nextgen-eds/corporate/abbvie-com/at/de/error/500
/content/abbvie-com2/be/fr/bronnen,noindex,Published,Activate,Thu Dec 12 2024 15:28:58 GMT-0500,jewitca,,/content/abbvie-nextgen-eds/corporate/abbvie-com/be/fr/bronnen
/content/abbvie-com2/be/fr/bronnen/blog,noindex,Published,Activate,Tue Dec 17 2024 16:47:21 GMT-0500,jewitca,,/content/abbvie-nextgen-eds/corporate/abbvie-com/be/fr/bronnen/blog
/content/abbvie-com2/be/fr/bronnen/podcast,noindex,Published,Activate,Tue Dec 17 2024 16:47:21 GMT-0500,jewitca,,/content/abbvie-nextgen-eds/corporate/abbvie-com/be/fr/bronnen/podcast
/content/abbvie-com2/be/fr/bronnen/podcast/praat-erover-ibd,noindex,Published,Activate,Tue Dec 17 2024 16:47:11 GMT-0500,jewitca,,/content/abbvie-nextgen-eds/corporate/abbvie-com/be/fr/bronnen/podcast/praat-erover-ibd
/content/abbvie-com2/be/fr/bronnen/podcast/praat-erover-migraine,noindex,Published,Activate,Tue Dec 17 2024 16:47:11 GMT-0500,jewitca,,/content/abbvie-nextgen-eds/corporate/abbvie-com/be/fr/bronnen/podcast/praat-erover-migraine
/content/abbvie-com2/be/fr/bronnen/podcast/praat-erover-psoriasis,noindex,Published,Activate,Tue Dec 17 2024 16:47:11 GMT-0500,jewitca,,/content/abbvie-nextgen-eds/corporate/abbvie-com/be/fr/bronnen/podcast/praat-erover-psoriasis
/content/abbvie-com2/be/fr/bronnen/podcast/praat-erover-rhumatologie,noindex,Published,Activate,Tue Dec 17 2024 16:47:11 GMT-0500,jewitca,,/content/abbvie-nextgen-eds/corporate/abbvie-com/be/fr/bronnen/podcast/praat-erover-rhumatologie
/content/abbvie-com2/be/fr/error,noindex,Published,Activate,Mon Sep 29 2025 05:27:59 GMT-0400,feerosx,,/content/abbvie-nextgen-eds/corporate/abbvie-com/be/fr/error
/content/abbvie-com2/be/fr/error/403,noindex,Published,Activate,Mon Sep 29 2025 05:27:49 GMT-0400,feerosx,,/content/abbvie-nextgen-eds/corporate/abbvie-com/be/fr/error/403
/content/abbvie-com2/be/fr/error/404,noindex,Published,Activate,Mon Sep 29 2025 05:27:49 GMT-0400,feerosx,,/content/abbvie-nextgen-eds/corporate/abbvie-com/be/fr/error/404
/content/abbvie-com2/be/fr/error/500,noindex,Published,Activate,Mon Sep 29 2025 05:27:49 GMT-0400,feerosx,,/content/abbvie-nextgen-eds/corporate/abbvie-com/be/fr/error/500
/content/abbvie-com2/be/fr/ga-bij-ons-aan-de-slag,noindex,Published,Activate,Tue Dec 17 2024 16:44:29 GMT-0500,jewitca,,/content/abbvie-nextgen-eds/corporate/abbvie-com/be/fr/ga-bij-ons-aan-de-slag
/content/abbvie-com2/be/fr/ga-bij-ons-aan-de-slag/het-leven-bij-abbvie,noindex,Published,Activate,Tue Dec 17 2024 16:44:14 GMT-0500,jewitca,,/content/abbvie-nextgen-eds/corporate/abbvie-com/be/fr/ga-bij-ons-aan-de-slag/het-leven-bij-abbvie
/content/abbvie-com2/be/fr/ga-bij-ons-aan-de-slag/kansen,noindex,Published,Activate,Tue Dec 17 2024 16:44:14 GMT-0500,jewitca,,/content/abbvie-nextgen-eds/corporate/abbvie-com/be/fr/ga-bij-ons-aan-de-slag/kansen
/content/abbvie-com2/be/fr/ga-bij-ons-aan-de-slag/waarom-abbvie,noindex,Published,Activate,Tue Dec 17 2024 16:44:14 GMT-0500,jewitca,,/content/abbvie-nextgen-eds/corporate/abbvie-com/be/fr/ga-bij-ons-aan-de-slag/waarom-abbvie
/content/abbvie-com2/be/fr/gebruiksvoorwaarden,noindex,Published,Activate,Thu Dec 19 2024 11:19:45 GMT-0500,jewitca,,/content/abbvie-nextgen-eds/corporate/abbvie-com/be/fr/gebruiksvoorwaarden
/content/abbvie-com2/be/fr/patienten,noindex,Published,Activate,Thu Dec 19 2024 11:19:22 GMT-0500,jewitca,,/content/abbvie-nextgen-eds/corporate/abbvie-com/be/fr/patienten
/content/abbvie-com2/be/fr/patienten/geneesmiddelenbewaking,noindex,Published,Activate,Tue Dec 17 2024 16:41:35 GMT-0500,jewitca,,/content/abbvie-nextgen-eds/corporate/abbvie-com/be/fr/patienten/geneesmiddelenbewaking
/content/abbvie-com2/be/fr/patienten/hulpbronnen-voor-patienten,noindex,Published,Activate,Tue Dec 17 2024 16:41:35 GMT-0500,jewitca,,/content/abbvie-nextgen-eds/corporate/abbvie-com/be/fr/patienten/hulpbronnen-voor-patienten
/content/abbvie-com2/be/fr/patienten/patientenorganisaties,noindex,Published,Activate,Tue Dec 17 2024 16:41:35 GMT-0500,jewitca,,/content/abbvie-nextgen-eds/corporate/abbvie-com/be/fr/patienten/patientenorganisaties
/content/abbvie-com2/be/fr/wetenschap,noindex,Published,Activate,Thu Dec 19 2024 11:19:03 GMT-0500,jewitca,,/content/abbvie-nextgen-eds/corporate/abbvie-com/be/fr/wetenschap
/content/abbvie-com2/be/fr/wetenschap/focusdomeinen,noindex,Published,Activate,Thu Dec 12 2024 13:52:55 GMT-0500,jewitca,,/content/abbvie-nextgen-eds/corporate/abbvie-com/be/fr/wetenschap/focusdomeinen
/content/abbvie-com2/be/fr/wetenschap/focusdomeinen/andere-focusdomeinen,noindex,Published,Activate,Tue Dec 17 2024 15:56:43 GMT-0500,jewitca,,/content/abbvie-nextgen-eds/corporate/abbvie-com/be/fr/wetenschap/focusdomeinen/andere-focusdomeinen
/content/abbvie-com2/be/fr/wetenschap/focusdomeinen/esthetische-geneeskunde,noindex,Published,Activate,Tue Dec 17 2024 15:56:43 GMT-0500,jewitca,,/content/abbvie-nextgen-eds/corporate/abbvie-com/be/fr/wetenschap/focusdomeinen/esthetische-geneeskunde
/content/abbvie-com2/be/fr/wetenschap/focusdomeinen/immunologie,noindex,Published,Activate,Tue Dec 17 2024 15:56:43 GMT-0500,jewitca,,/content/abbvie-nextgen-eds/corporate/abbvie-com/be/fr/wetenschap/focusdomeinen/immunologie
/content/abbvie-com2/be/fr/wetenschap/focusdomeinen/immunologie/dermatologie,noindex,Published,Activate,Tue Dec 17 2024 16:02:37 GMT-0500,jewitca,,/content/abbvie-nextgen-eds/corporate/abbvie-com/be/fr/wetenschap/focusdomeinen/immunologie/dermatologie
/content/abbvie-com2/be/fr/wetenschap/focusdomeinen/immunologie/gastro-enterologie,noindex,Published,Activate,Tue Dec 17 2024 16:02:37 GMT-0500,jewitca,,/content/abbvie-nextgen-eds/corporate/abbvie-com/be/fr/wetenschap/focusdomeinen/immunologie/gastro-enterologie
/content/abbvie-com2/be/fr/wetenschap/focusdomeinen/immunologie/reumatologie,noindex,Published,Activate,Tue Dec 17 2024 16:02:37 GMT-0500,jewitca,,/content/abbvie-nextgen-eds/corporate/abbvie-com/be/fr/wetenschap/focusdomeinen/immunologie/reumatologie
/content/abbvie-com2/be/fr/wetenschap/focusdomeinen/neurowetenschap,noindex,Published,Activate,Tue Dec 17 2024 15:56:43 GMT-0500,jewitca,,/content/abbvie-nextgen-eds/corporate/abbvie-com/be/fr/wetenschap/focusdomeinen/neurowetenschap
/content/abbvie-com2/be/fr/wetenschap/focusdomeinen/oncologie,noindex,Published,Activate,Tue Dec 17 2024 15:56:43 GMT-0500,jewitca,,/content/abbvie-nextgen-eds/corporate/abbvie-com/be/fr/wetenschap/focusdomeinen/oncologie
/content/abbvie-com2/be/fr/wetenschap/focusdomeinen/oogzorg,noindex,Published,Activate,Tue Dec 17 2024 15:56:43 GMT-0500,jewitca,,/content/abbvie-nextgen-eds/corporate/abbvie-com/be/fr/wetenschap/focusdomeinen/oogzorg
/content/abbvie-com2/be/fr/wetenschap/gezondheidszorg-van-de-toekomst,noindex,Published,Activate,Thu Dec 12 2024 13:52:55 GMT-0500,jewitca,,/content/abbvie-nextgen-eds/corporate/abbvie-com/be/fr/wetenschap/gezondheidszorg-van-de-toekomst
/content/abbvie-com2/be/fr/wetenschap/gezondheidszorg-van-de-toekomst/bloedlijn,noindex,Published,Activate,Tue Dec 17 2024 16:09:26 GMT-0500,jewitca,,/content/abbvie-nextgen-eds/corporate/abbvie-com/be/fr/wetenschap/gezondheidszorg-van-de-toekomst/bloedlijn
/content/abbvie-com2/be/fr/wetenschap/gezondheidszorg-van-de-toekomst/healthcare-heroes,noindex,Published,Activate,Tue Dec 17 2024 16:09:26 GMT-0500,jewitca,,/content/abbvie-nextgen-eds/corporate/abbvie-com/be/fr/wetenschap/gezondheidszorg-van-de-toekomst/healthcare-heroes
/content/abbvie-com2/be/fr/wetenschap/gezondheidszorg-van-de-toekomst/klinische-proeven,noindex,Published,Activate,Tue Dec 17 2024 16:09:26 GMT-0500,jewitca,,/content/abbvie-nextgen-eds/corporate/abbvie-com/be/fr/wetenschap/gezondheidszorg-van-de-toekomst/klinische-proeven
/content/abbvie-com2/be/fr/wetenschap/gezondheidszorg-van-de-toekomst/pipeline,noindex,Published,Activate,Tue Dec 17 2024 16:09:26 GMT-0500,jewitca,,/content/abbvie-nextgen-eds/corporate/abbvie-com/be/fr/wetenschap/gezondheidszorg-van-de-toekomst/pipeline
/content/abbvie-com2/be/fr/wetenschap/innovatiedomeinen,noindex,Published,Activate,Thu Dec 12 2024 13:52:55 GMT-0500,jewitca,,/content/abbvie-nextgen-eds/corporate/abbvie-com/be/fr/wetenschap/innovatiedomeinen
/content/abbvie-com2/be/fr/wetenschap/onze-behandelingen,noindex,Published,Activate,Thu Dec 12 2024 13:52:55 GMT-0500,jewitca,,/content/abbvie-nextgen-eds/corporate/abbvie-com/be/fr/wetenschap/onze-behandelingen
/content/abbvie-com2/be/fr/wie-we-zijn,noindex,Published,Activate,Tue Dec 17 2024 15:52:40 GMT-0500,jewitca,,/content/abbvie-nextgen-eds/corporate/abbvie-com/be/fr/wie-we-zijn
/content/abbvie-com2/be/fr/wie-we-zijn/onze-engagementen,noindex,Published,Activate,Tue Dec 17 2024 15:52:31 GMT-0500,jewitca,,/content/abbvie-nextgen-eds/corporate/abbvie-com/be/fr/wie-we-zijn/onze-engagementen
/content/abbvie-com2/be/fr/wie-we-zijn/onze-engagementen/diversiteit-en-inclusie,noindex,Published,Activate,Tue Dec 17 2024 15:52:23 GMT-0500,jewitca,,/content/abbvie-nextgen-eds/corporate/abbvie-com/be/fr/wie-we-zijn/onze-engagementen/diversiteit-en-inclusie
/content/abbvie-com2/be/fr/wie-we-zijn/onze-engagementen/environmental-social-and-governance,noindex,Published,Activate,Tue Dec 17 2024 15:52:23 GMT-0500,jewitca,,/content/abbvie-nextgen-eds/corporate/abbvie-com/be/fr/wie-we-zijn/onze-engagementen/environmental-social-and-governance
/content/abbvie-com2/be/fr/wie-we-zijn/onze-engagementen/integer-werken,noindex,Published,Activate,Tue Dec 17 2024 15:52:23 GMT-0500,jewitca,,/content/abbvie-nextgen-eds/corporate/abbvie-com/be/fr/wie-we-zijn/onze-engagementen/integer-werken
/content/abbvie-com2/be/fr/wie-we-zijn/onze-principes,noindex,Published,Activate,Tue Dec 17 2024 15:52:31 GMT-0500,jewitca,,/content/abbvie-nextgen-eds/corporate/abbvie-com/be/fr/wie-we-zijn/onze-principes
/content/abbvie-com2/be/nl/error,noindex,Published,Activate,Mon Sep 29 2025 05:26:11 GMT-0400,feerosx,,/content/abbvie-nextgen-eds/corporate/abbvie-com/be/nl/error
/content/abbvie-com2/be/nl/error/403,noindex,Published,Activate,Mon Sep 29 2025 05:16:26 GMT-0400,feerosx,,/content/abbvie-nextgen-eds/corporate/abbvie-com/be/nl/error/403
/content/abbvie-com2/be/nl/error/404,noindex,Published,Activate,Mon Sep 29 2025 05:16:26 GMT-0400,feerosx,,/content/abbvie-nextgen-eds/corporate/abbvie-com/be/nl/error/404
/content/abbvie-com2/be/nl/error/500,noindex,Published,Activate,Mon Sep 29 2025 05:16:26 GMT-0400,feerosx,,/content/abbvie-nextgen-eds/corporate/abbvie-com/be/nl/error/500
/content/abbvie-com2/be/nl/patients,noindex,Published,Activate,Thu Dec 19 2024 12:19:45 GMT-0500,jewitca,,/content/abbvie-nextgen-eds/corporate/abbvie-com/be/nl/patients
/content/abbvie-com2/be/nl/qui-nous-sommes,noindex,Published,Activate,Tue Feb 25 2025 02:36:59 GMT-0500,jewitca,,/content/abbvie-nextgen-eds/corporate/abbvie-com/be/nl/qui-nous-sommes
/content/abbvie-com2/be/nl/qui-nous-sommes/nos-engagements,noindex,Published,Activate,Tue Feb 25 2025 02:37:15 GMT-0500,jewitca,,/content/abbvie-nextgen-eds/corporate/abbvie-com/be/nl/qui-nous-sommes/nos-engagements
/content/abbvie-com2/be/nl/qui-nous-sommes/nos-engagements/agir-avec-integrite,noindex,Published,Activate,Tue Feb 25 2025 02:37:27 GMT-0500,jewitca,,/content/abbvie-nextgen-eds/corporate/abbvie-com/be/nl/qui-nous-sommes/nos-engagements/agir-avec-integrite
/content/abbvie-com2/be/nl/qui-nous-sommes/nos-engagements/equite-equalite-diversite-et-inclusion,noindex,Published,Activate,Tue Feb 25 2025 02:37:27 GMT-0500,jewitca,,/content/abbvie-nextgen-eds/corporate/abbvie-com/be/nl/qui-nous-sommes/nos-engagements/equite-equalite-diversite-et-inclusion
/content/abbvie-com2/be/nl/qui-nous-sommes/nos-engagements/initiatives-esg,noindex,Published,Activate,Tue Feb 25 2025 02:37:27 GMT-0500,jewitca,,/content/abbvie-nextgen-eds/corporate/abbvie-com/be/nl/qui-nous-sommes/nos-engagements/initiatives-esg
/content/abbvie-com2/be/nl/qui-nous-sommes/nos-principes,noindex,Published,Activate,Tue Feb 25 2025 02:37:15 GMT-0500,jewitca,,/content/abbvie-nextgen-eds/corporate/abbvie-com/be/nl/qui-nous-sommes/nos-principes
/content/abbvie-com2/be/nl/rejoignez-nous,noindex,Published,Activate,Thu Dec 19 2024 12:19:45 GMT-0500,jewitca,,/content/abbvie-nextgen-eds/corporate/abbvie-com/be/nl/rejoignez-nous
/content/abbvie-com2/be/nl/science,noindex,Published,Activate,Thu Dec 19 2024 12:19:45 GMT-0500,jewitca,,/content/abbvie-nextgen-eds/corporate/abbvie-com/be/nl/science
/content/abbvie-com2/be/nl/science/aires-therapeutiques,noindex,Published,Activate,Thu Dec 19 2024 12:18:28 GMT-0500,jewitca,,/content/abbvie-nextgen-eds/corporate/abbvie-com/be/nl/science/aires-therapeutiques
/content/abbvie-com2/be/nl/science/aires-therapeutiques/autres-aires-therapeutiques,noindex,Published,Activate,Thu Dec 19 2024 12:13:24 GMT-0500,jewitca,,/content/abbvie-nextgen-eds/corporate/abbvie-com/be/nl/science/aires-therapeutiques/autres-aires-therapeutiques
/content/abbvie-com2/be/nl/science/aires-therapeutiques/immunologie,noindex,Published,Activate,Thu Dec 19 2024 12:13:24 GMT-0500,jewitca,,/content/abbvie-nextgen-eds/corporate/abbvie-com/be/nl/science/aires-therapeutiques/immunologie
/content/abbvie-com2/be/nl/science/aires-therapeutiques/immunologie/dermatologie,noindex,Published,Activate,Thu Dec 19 2024 12:13:12 GMT-0500,jewitca,,/content/abbvie-nextgen-eds/corporate/abbvie-com/be/nl/science/aires-therapeutiques/immunologie/dermatologie
/content/abbvie-com2/be/nl/science/aires-therapeutiques/immunologie/gastro-enterologie,noindex,Published,Activate,Thu Dec 19 2024 12:13:12 GMT-0500,jewitca,,/content/abbvie-nextgen-eds/corporate/abbvie-com/be/nl/science/aires-therapeutiques/immunologie/gastro-enterologie
/content/abbvie-com2/be/nl/science/aires-therapeutiques/immunologie/rheumatologie,noindex,Published,Activate,Thu Dec 19 2024 12:13:12 GMT-0500,jewitca,,/content/abbvie-nextgen-eds/corporate/abbvie-com/be/nl/science/aires-therapeutiques/immunologie/rheumatologie
/content/abbvie-com2/be/nl/science/aires-therapeutiques/medecine-esthetique,noindex,Published,Activate,Thu Dec 19 2024 12:13:24 GMT-0500,jewitca,,/content/abbvie-nextgen-eds/corporate/abbvie-com/be/nl/science/aires-therapeutiques/medecine-esthetique
/content/abbvie-com2/be/nl/science/aires-therapeutiques/neurologie,noindex,Published,Activate,Thu Dec 19 2024 12:13:24 GMT-0500,jewitca,,/content/abbvie-nextgen-eds/corporate/abbvie-com/be/nl/science/aires-therapeutiques/neurologie
/content/abbvie-com2/be/nl/science/aires-therapeutiques/oncologie,noindex,Published,Activate,Thu Dec 19 2024 12:13:24 GMT-0500,jewitca,,/content/abbvie-nextgen-eds/corporate/abbvie-com/be/nl/science/aires-therapeutiques/oncologie
/content/abbvie-com2/be/nl/science/aires-therapeutiques/ophtalmologie,noindex,Published,Activate,Thu Dec 19 2024 12:13:24 GMT-0500,jewitca,,/content/abbvie-nextgen-eds/corporate/abbvie-com/be/nl/science/aires-therapeutiques/ophtalmologie
/content/abbvie-com2/be/nl/science/domaines-d-innovation,noindex,Published,Activate,Thu Dec 19 2024 12:18:28 GMT-0500,jewitca,,/content/abbvie-nextgen-eds/corporate/abbvie-com/be/nl/science/domaines-d-innovation
/content/abbvie-com2/be/nl/science/les-soins-du-futur,noindex,Published,Activate,Thu Dec 19 2024 12:18:28 GMT-0500,jewitca,,/content/abbvie-nextgen-eds/corporate/abbvie-com/be/nl/science/les-soins-du-futur
/content/abbvie-com2/be/nl/science/nos-traitements,noindex,Published,Activate,Thu Dec 19 2024 12:18:28 GMT-0500,jewitca,,/content/abbvie-nextgen-eds/corporate/abbvie-com/be/nl/science/nos-traitements
/content/abbvie-com2/bg/bg/science/products/duodopa-20-mg-ml-5-mg-ml-intestinal-gel-levodopa-carbidopa,noindex,Published,Activate,Fri Jul 04 2025 05:21:55 GMT-0400,singarx,/content/abbvie-nextgen-eds/corporate/abbvie-com/language-masters/bg/science/products/duodopa-20-mg-ml-5-mg-ml-intestinal-gel-levodopa-carbidopa,/content/abbvie-nextgen-eds/corporate/abbvie-com/bg/bg/science/products/duodopa-20-mg-ml-5-mg-ml-intestinal-gel-levodopa-carbidopa
/content/abbvie-com2/br/pt/abbvie-allergan,noindex,Published,Activate,Thu Feb 06 2025 15:25:45 GMT-0500,jewitca,/content/abbvie-nextgen-eds/corporate/abbvie-com/language-masters/pt/abbvie-allergan,/content/abbvie-nextgen-eds/corporate/abbvie-com/br/pt/abbvie-allergan
/content/abbvie-com2/br/pt/contactus/failure,noindex,Published,Activate,Mon Sep 29 2025 05:44:25 GMT-0400,feerosx,/content/abbvie-nextgen-eds/corporate/abbvie-com/language-masters/pt/contactus/failure,/content/abbvie-nextgen-eds/corporate/abbvie-com/br/pt/contactus/failure
/content/abbvie-com2/br/pt/contactus/thank-you,noindex,Published,Activate,Mon Sep 29 2025 05:44:25 GMT-0400,feerosx,/content/abbvie-nextgen-eds/corporate/abbvie-com/language-masters/pt/contactus/thank-you,/content/abbvie-nextgen-eds/corporate/abbvie-com/br/pt/contactus/thank-you
/content/abbvie-com2/br/pt/error,noindex,Published,Activate,Mon Sep 29 2025 05:45:04 GMT-0400,feerosx,/content/abbvie-nextgen-eds/corporate/abbvie-com/language-masters/pt/error,/content/abbvie-nextgen-eds/corporate/abbvie-com/br/pt/error
/content/abbvie-com2/br/pt/error/403,noindex,Published,Activate,Mon Sep 29 2025 05:44:39 GMT-0400,feerosx,/content/abbvie-nextgen-eds/corporate/abbvie-com/language-masters/pt/error/403,/content/abbvie-nextgen-eds/corporate/abbvie-com/br/pt/error/403
/content/abbvie-com2/br/pt/error/404,noindex,Published,Activate,Mon Sep 29 2025 05:44:39 GMT-0400,feerosx,/content/abbvie-nextgen-eds/corporate/abbvie-com/language-masters/pt/error/404,/content/abbvie-nextgen-eds/corporate/abbvie-com/br/pt/error/404
/content/abbvie-com2/br/pt/error/500,noindex,Published,Activate,Mon Sep 29 2025 05:44:39 GMT-0400,feerosx,/content/abbvie-nextgen-eds/corporate/abbvie-com/language-masters/pt/error/500,/content/abbvie-nextgen-eds/corporate/abbvie-com/br/pt/error/500
/content/abbvie-com2/br/pt/latest-earnings,noindex,Published,Activate,Wed Nov 13 2024 16:32:07 GMT-0500,PREVIEW,/content/abbvie-nextgen-eds/corporate/abbvie-com/language-masters/pt/latest-earnings,/content/abbvie-nextgen-eds/corporate/abbvie-com/br/pt/latest-earnings
/content/abbvie-com2/ca/en/responsibility,noindex,Published,Activate,Sun Apr 26 2026 20:53:14 GMT-0400,PREVIEW,,/content/abbvie-nextgen-eds/corporate/abbvie-com/ca/en/responsibility
/content/abbvie-com2/ca/en/responsibility/grants-and-donation-process,noindex,Published,Activate,Sun Apr 26 2026 20:53:27 GMT-0400,PREVIEW,,/content/abbvie-nextgen-eds/corporate/abbvie-com/ca/en/responsibility/grants-and-donation-process
/content/abbvie-com2/ch/en/error,noindex,Never Published,,,,,/content/abbvie-nextgen-eds/corporate/abbvie-com/ch/en/error
/content/abbvie-com2/ch/en/error/403,noindex,Published,Activate,Mon Sep 29 2025 05:33:31 GMT-0400,feerosx,,/content/abbvie-nextgen-eds/corporate/abbvie-com/ch/en/error/403
/content/abbvie-com2/ch/en/error/404,noindex,Published,Activate,Mon Sep 29 2025 05:33:31 GMT-0400,feerosx,,/content/abbvie-nextgen-eds/corporate/abbvie-com/ch/en/error/404
/content/abbvie-com2/ch/en/error/500,noindex,Published,Activate,Mon Sep 29 2025 05:33:31 GMT-0400,feerosx,,/content/abbvie-nextgen-eds/corporate/abbvie-com/ch/en/error/500
/content/abbvie-com2/ch/en/science/areas-of-innovation/innovating-for-patients,noindex,Published,Activate,Thu Sep 19 2024 10:57:02 GMT-0400,jewitca,,/content/abbvie-nextgen-eds/corporate/abbvie-com/ch/en/science/areas-of-innovation/innovating-for-patients
/content/abbvie-com2/co/es/contactus/failure,noindex,Unpublished,Deactivate,Fri Jul 17 2026 16:23:57 GMT-0400,SHARMRX18,,/content/abbvie-nextgen-eds/corporate/abbvie-com/co/es/contactus/failure
/content/abbvie-com2/co/es/contactus/thank-you,noindex,Unpublished,Deactivate,Fri Jul 17 2026 16:23:57 GMT-0400,SHARMRX18,,/content/abbvie-nextgen-eds/corporate/abbvie-com/co/es/contactus/thank-you
/content/abbvie-com2/co/es/error,noindex,Published,Activate,Mon Sep 29 2025 08:16:48 GMT-0400,feerosx,,/content/abbvie-nextgen-eds/corporate/abbvie-com/co/es/error
/content/abbvie-com2/co/es/error/403,noindex,Published,Activate,Mon Sep 29 2025 08:16:39 GMT-0400,feerosx,,/content/abbvie-nextgen-eds/corporate/abbvie-com/co/es/error/403
/content/abbvie-com2/co/es/error/404,noindex,Published,Activate,Mon Sep 29 2025 08:16:39 GMT-0400,feerosx,,/content/abbvie-nextgen-eds/corporate/abbvie-com/co/es/error/404
/content/abbvie-com2/co/es/error/500,noindex,Published,Activate,Mon Sep 29 2025 08:16:39 GMT-0400,feerosx,,/content/abbvie-nextgen-eds/corporate/abbvie-com/co/es/error/500
/content/abbvie-com2/co/es/who-we-are/our-stories/padres-trabajadores-de-abbvie-2024,noindex,Published,Activate,Thu May 29 2025 12:26:38 GMT-0400,bryanjx9,,/content/abbvie-nextgen-eds/corporate/abbvie-com/co/es/who-we-are/our-stories/padres-trabajadores-de-abbvie-2024
/content/abbvie-com2/co/es/who-we-are/our-stories/tener-mejor-acceso-a-medicamentos,nofollow,Published,Activate,Thu May 29 2025 12:26:38 GMT-0400,bryanjx9,,/content/abbvie-nextgen-eds/corporate/abbvie-com/co/es/who-we-are/our-stories/tener-mejor-acceso-a-medicamentos
/content/abbvie-com2/de/de/doccheck-test,noindex,Published,Activate,Thu May 28 2026 21:36:16 GMT-0400,SHARMRX18,/content/abbvie-nextgen-eds/corporate/abbvie-com/language-masters/de/doccheck-test,/content/abbvie-nextgen-eds/corporate/abbvie-com/de/de/doccheck-test
/content/abbvie-com2/de/de/error,noindex,Published,Activate,Mon Sep 29 2025 06:01:09 GMT-0400,feerosx,/content/abbvie-nextgen-eds/corporate/abbvie-com/language-masters/de/error,/content/abbvie-nextgen-eds/corporate/abbvie-com/de/de/error
/content/abbvie-com2/de/de/error/403,noindex,Published,Activate,Mon Sep 29 2025 06:00:43 GMT-0400,feerosx,/content/abbvie-nextgen-eds/corporate/abbvie-com/language-masters/de/error/403,/content/abbvie-nextgen-eds/corporate/abbvie-com/de/de/error/403
/content/abbvie-com2/de/de/error/404,noindex,Published,Activate,Mon Sep 29 2025 06:00:43 GMT-0400,feerosx,/content/abbvie-nextgen-eds/corporate/abbvie-com/language-masters/de/error/404,/content/abbvie-nextgen-eds/corporate/abbvie-com/de/de/error/404
/content/abbvie-com2/de/de/error/500,noindex,Published,Activate,Mon Sep 29 2025 06:00:43 GMT-0400,feerosx,/content/abbvie-nextgen-eds/corporate/abbvie-com/language-masters/de/error/500,/content/abbvie-nextgen-eds/corporate/abbvie-com/de/de/error/500
/content/abbvie-com2/de/de/fachkreise/uebersicht-fachpresse/digitale-pressemappen,noindex,Published,Activate,Thu May 22 2025 04:44:27 GMT-0400,PREVIEW,/content/abbvie-nextgen-eds/corporate/abbvie-com/language-masters/de/fachkreise/uebersicht-fachpresse/digitale-pressemappen,/content/abbvie-nextgen-eds/corporate/abbvie-com/de/de/fachkreise/uebersicht-fachpresse/digitale-pressemappen
/content/abbvie-com2/de/de/fachkreise/uebersicht-fachpresse/fachpressemeldungen,noindex,Published,Activate,Wed May 21 2025 09:14:35 GMT-0400,PREVIEW,/content/abbvie-nextgen-eds/corporate/abbvie-com/language-masters/de/fachkreise/uebersicht-fachpresse/fachpressemeldungen,/content/abbvie-nextgen-eds/corporate/abbvie-com/de/de/fachkreise/uebersicht-fachpresse/fachpressemeldungen
/content/abbvie-com2/de/de/karriere/chris-test,noindex,Published,Activate,Mon Dec 09 2024 18:16:51 GMT-0500,jewitca,/content/abbvie-nextgen-eds/corporate/abbvie-com/language-masters/de/karriere/chris-test,/content/abbvie-nextgen-eds/corporate/abbvie-com/de/de/karriere/chris-test
/content/abbvie-com2/de/de/maintenance-und-engineering,noindex,Published,Activate,Thu Dec 12 2024 08:53:13 GMT-0500,jewitca,/content/abbvie-nextgen-eds/corporate/abbvie-com/language-masters/de/maintenance-und-engineering,/content/abbvie-nextgen-eds/corporate/abbvie-com/de/de/maintenance-und-engineering
/content/abbvie-com2/de/de/secure-page-test,noindex,Published,Activate,Wed Jan 29 2025 09:02:07 GMT-0500,PREVIEW,/content/abbvie-nextgen-eds/corporate/abbvie-com/language-masters/de/secure-page-test,/content/abbvie-nextgen-eds/corporate/abbvie-com/de/de/secure-page-test
/content/abbvie-com2/dk/da/error,noindex,Published,Activate,Mon Sep 29 2025 08:09:06 GMT-0400,feerosx,/content/abbvie-nextgen-eds/corporate/abbvie-com/language-masters/da/error,/content/abbvie-nextgen-eds/corporate/abbvie-com/dk/da/error
/content/abbvie-com2/dk/da/error/403,noindex,Published,Activate,Mon Sep 29 2025 08:08:55 GMT-0400,feerosx,/content/abbvie-nextgen-eds/corporate/abbvie-com/language-masters/da/error/403,/content/abbvie-nextgen-eds/corporate/abbvie-com/dk/da/error/403
/content/abbvie-com2/dk/da/error/404,noindex,Published,Activate,Mon Sep 29 2025 08:08:55 GMT-0400,feerosx,/content/abbvie-nextgen-eds/corporate/abbvie-com/language-masters/da/error/404,/content/abbvie-nextgen-eds/corporate/abbvie-com/dk/da/error/404
/content/abbvie-com2/dk/da/error/500,noindex,Published,Activate,Mon Sep 29 2025 08:08:55 GMT-0400,feerosx,/content/abbvie-nextgen-eds/corporate/abbvie-com/language-masters/da/error/500,/content/abbvie-nextgen-eds/corporate/abbvie-com/dk/da/error/500
/content/abbvie-com2/es/es/ciencia/innovacion/innovating-for-patients,noindex,Unpublished,Deactivate,Wed Jun 25 2025 09:43:39 GMT-0400,PREVIEW,/content/abbvie-nextgen-eds/corporate/abbvie-com/language-masters/es/ciencia/innovacion/innovating-for-patients,/content/abbvie-nextgen-eds/corporate/abbvie-com/es/es/ciencia/innovacion/innovating-for-patients
/content/abbvie-com2/es/es/error,noindex,Published,Activate,Mon Sep 29 2025 06:05:40 GMT-0400,feerosx,/content/abbvie-nextgen-eds/corporate/abbvie-com/language-masters/es/error,/content/abbvie-nextgen-eds/corporate/abbvie-com/es/es/error
/content/abbvie-com2/es/es/error/403,noindex,Published,Activate,Mon Sep 29 2025 06:05:18 GMT-0400,feerosx,/content/abbvie-nextgen-eds/corporate/abbvie-com/language-masters/es/error/403,/content/abbvie-nextgen-eds/corporate/abbvie-com/es/es/error/403
/content/abbvie-com2/es/es/error/404,noindex,Published,Activate,Mon Sep 29 2025 06:05:18 GMT-0400,feerosx,/content/abbvie-nextgen-eds/corporate/abbvie-com/language-masters/es/error/404,/content/abbvie-nextgen-eds/corporate/abbvie-com/es/es/error/404
/content/abbvie-com2/es/es/error/500,noindex,Published,Activate,Mon Sep 29 2025 06:05:18 GMT-0400,feerosx,/content/abbvie-nextgen-eds/corporate/abbvie-com/language-masters/es/error/500,/content/abbvie-nextgen-eds/corporate/abbvie-com/es/es/error/500
/content/abbvie-com2/fi/fi/error,noindex,Published,Activate,Mon Sep 29 2025 07:42:51 GMT-0400,feerosx,/content/abbvie-nextgen-eds/corporate/abbvie-com/language-masters/fi/error,/content/abbvie-nextgen-eds/corporate/abbvie-com/fi/fi/error
/content/abbvie-com2/fi/fi/error/403,noindex,Published,Activate,Mon Sep 29 2025 07:42:43 GMT-0400,feerosx,/content/abbvie-nextgen-eds/corporate/abbvie-com/language-masters/fi/error/403,/content/abbvie-nextgen-eds/corporate/abbvie-com/fi/fi/error/403
/content/abbvie-com2/fi/fi/error/404,noindex,Published,Activate,Mon Sep 29 2025 07:42:43 GMT-0400,feerosx,/content/abbvie-nextgen-eds/corporate/abbvie-com/language-masters/fi/error/404,/content/abbvie-nextgen-eds/corporate/abbvie-com/fi/fi/error/404
/content/abbvie-com2/fi/fi/error/500,noindex,Published,Activate,Mon Sep 29 2025 07:42:43 GMT-0400,feerosx,/content/abbvie-nextgen-eds/corporate/abbvie-com/language-masters/fi/error/500,/content/abbvie-nextgen-eds/corporate/abbvie-com/fi/fi/error/500
/content/abbvie-com2/fr/fr/contactez-nous/failure,noindex,Published,Activate,Mon Sep 29 2025 06:12:08 GMT-0400,feerosx,/content/abbvie-nextgen-eds/corporate/abbvie-com/language-masters/fr/contactez-nous/failure,/content/abbvie-nextgen-eds/corporate/abbvie-com/fr/fr/contactez-nous/failure
/content/abbvie-com2/fr/fr/contactez-nous/thank-you,noindex,Published,Activate,Mon Sep 29 2025 06:12:08 GMT-0400,feerosx,/content/abbvie-nextgen-eds/corporate/abbvie-com/language-masters/fr/contactez-nous/thank-you,/content/abbvie-nextgen-eds/corporate/abbvie-com/fr/fr/contactez-nous/thank-you
/content/abbvie-com2/fr/fr/error,noindex,Published,Activate,Mon Sep 29 2025 06:11:56 GMT-0400,feerosx,/content/abbvie-nextgen-eds/corporate/abbvie-com/language-masters/fr/error,/content/abbvie-nextgen-eds/corporate/abbvie-com/fr/fr/error
/content/abbvie-com2/fr/fr/error/403,noindex,Published,Activate,Mon Sep 29 2025 06:11:49 GMT-0400,feerosx,/content/abbvie-nextgen-eds/corporate/abbvie-com/language-masters/fr/error/403,/content/abbvie-nextgen-eds/corporate/abbvie-com/fr/fr/error/403
/content/abbvie-com2/fr/fr/error/404,noindex,Published,Activate,Mon Sep 29 2025 06:11:49 GMT-0400,feerosx,/content/abbvie-nextgen-eds/corporate/abbvie-com/language-masters/fr/error/404,/content/abbvie-nextgen-eds/corporate/abbvie-com/fr/fr/error/404
/content/abbvie-com2/fr/fr/error/500,noindex,Published,Activate,Mon Sep 29 2025 06:11:49 GMT-0400,feerosx,/content/abbvie-nextgen-eds/corporate/abbvie-com/language-masters/fr/error/500,/content/abbvie-nextgen-eds/corporate/abbvie-com/fr/fr/error/500
/content/abbvie-com2/gr/el/contactus/failure,noindex,Published,Activate,Tue Jul 04 2023 10:05:33 GMT-0400,JADHASX13,/content/abbvie-nextgen-eds/corporate/abbvie-com/language-masters/el/contactus/failure,/content/abbvie-nextgen-eds/corporate/abbvie-com/gr/el/contactus/failure
/content/abbvie-com2/gr/el/contactus/thank-you,noindex,Published,Activate,Tue Jul 04 2023 10:02:08 GMT-0400,JADHASX13,/content/abbvie-nextgen-eds/corporate/abbvie-com/language-masters/el/contactus/thank-you,/content/abbvie-nextgen-eds/corporate/abbvie-com/gr/el/contactus/thank-you
/content/abbvie-com2/gr/el/error,noindex,Published,Activate,Mon Sep 29 2025 06:21:00 GMT-0400,feerosx,/content/abbvie-nextgen-eds/corporate/abbvie-com/language-masters/el/error,/content/abbvie-nextgen-eds/corporate/abbvie-com/gr/el/error
/content/abbvie-com2/gr/el/error/403,noindex,Published,Activate,Tue Jul 07 2026 09:54:52 GMT-0400,SHARMRX18,/content/abbvie-nextgen-eds/corporate/abbvie-com/language-masters/el/error/403,/content/abbvie-nextgen-eds/corporate/abbvie-com/gr/el/error/403
/content/abbvie-com2/gr/el/error/404,noindex,Published,Activate,Tue Jul 07 2026 09:54:52 GMT-0400,SHARMRX18,/content/abbvie-nextgen-eds/corporate/abbvie-com/language-masters/el/error/404,/content/abbvie-nextgen-eds/corporate/abbvie-com/gr/el/error/404
/content/abbvie-com2/gr/el/error/500,noindex,Published,Activate,Tue Jul 07 2026 09:54:52 GMT-0400,SHARMRX18,/content/abbvie-nextgen-eds/corporate/abbvie-com/language-masters/el/error/500,/content/abbvie-nextgen-eds/corporate/abbvie-com/gr/el/error/500
/content/abbvie-com2/il/he/error,noindex,Published,Activate,Wed Feb 18 2026 13:35:01 GMT-0500,SHARMRX18,/content/abbvie-nextgen-eds/corporate/abbvie-com/language-masters/he/error,/content/abbvie-nextgen-eds/corporate/abbvie-com/il/he/error
/content/abbvie-com2/il/he/error/403,noindex,Published,Activate,Wed Feb 18 2026 13:37:49 GMT-0500,SHARMRX18,/content/abbvie-nextgen-eds/corporate/abbvie-com/language-masters/he/error/403,/content/abbvie-nextgen-eds/corporate/abbvie-com/il/he/error/403
/content/abbvie-com2/il/he/error/404,noindex,Published,Activate,Wed Feb 18 2026 13:37:49 GMT-0500,SHARMRX18,/content/abbvie-nextgen-eds/corporate/abbvie-com/language-masters/he/error/404,/content/abbvie-nextgen-eds/corporate/abbvie-com/il/he/error/404
/content/abbvie-com2/il/he/error/500,noindex,Published,Activate,Wed Feb 18 2026 13:37:49 GMT-0500,SHARMRX18,/content/abbvie-nextgen-eds/corporate/abbvie-com/language-masters/he/error/500,/content/abbvie-nextgen-eds/corporate/abbvie-com/il/he/error/500
/content/abbvie-com2/il/he/stories,noindex,Unpublished,Deactivate,Sun Feb 08 2026 02:17:34 GMT-0500,PREVIEW,/content/abbvie-nextgen-eds/corporate/abbvie-com/language-masters/he/stories,/content/abbvie-nextgen-eds/corporate/abbvie-com/il/he/stories
/content/abbvie-com2/il/he/stories/Psoriasis_advanced_treatment_options,noindex,Unpublished,Deactivate,Sun Feb 08 2026 02:17:34 GMT-0500,admin,/content/abbvie-nextgen-eds/corporate/abbvie-com/language-masters/he/stories/Psoriasis_advanced_treatment_options,/content/abbvie-nextgen-eds/corporate/abbvie-com/il/he/stories/Psoriasis_advanced_treatment_options
/content/abbvie-com2/il/he/testing/ibd-tool,noindex,Published,Activate,Sun Apr 26 2026 20:33:01 GMT-0400,PREVIEW,/content/abbvie-nextgen-eds/corporate/abbvie-com/language-masters/he/testing/ibd-tool,/content/abbvie-nextgen-eds/corporate/abbvie-com/il/he/testing/ibd-tool
/content/abbvie-com2/in/en/error,noindex,Published,Activate,Mon Sep 29 2025 07:32:14 GMT-0400,feerosx,,/content/abbvie-nextgen-eds/corporate/abbvie-com/in/en/error
/content/abbvie-com2/in/en/error/403,noindex,Published,Activate,Mon Sep 29 2025 07:31:45 GMT-0400,feerosx,,/content/abbvie-nextgen-eds/corporate/abbvie-com/in/en/error/403
/content/abbvie-com2/in/en/error/404,noindex,Published,Activate,Mon Sep 29 2025 07:31:45 GMT-0400,feerosx,,/content/abbvie-nextgen-eds/corporate/abbvie-com/in/en/error/404
/content/abbvie-com2/in/en/error/500,noindex,Published,Activate,Mon Sep 29 2025 07:31:45 GMT-0400,feerosx,,/content/abbvie-nextgen-eds/corporate/abbvie-com/in/en/error/500
/content/abbvie-com2/in/en/secure-page-test,noindex,Unpublished,Deactivate,Fri Apr 17 2026 14:09:34 GMT-0400,SHARMRX18,,/content/abbvie-nextgen-eds/corporate/abbvie-com/in/en/secure-page-test
/content/abbvie-com2/it/it/error,noindex,Published,Activate,Wed Mar 18 2026 16:22:09 GMT-0400,bryanjx9,/content/abbvie-nextgen-eds/corporate/abbvie-com/language-masters/it/error,/content/abbvie-nextgen-eds/corporate/abbvie-com/it/it/error
/content/abbvie-com2/it/it/error/403,noindex,Published,Activate,Wed Mar 18 2026 16:27:49 GMT-0400,bryanjx9,/content/abbvie-nextgen-eds/corporate/abbvie-com/language-masters/it/error/403,/content/abbvie-nextgen-eds/corporate/abbvie-com/it/it/error/403
/content/abbvie-com2/it/it/error/404,noindex,Published,Activate,Wed Mar 18 2026 16:27:49 GMT-0400,bryanjx9,/content/abbvie-nextgen-eds/corporate/abbvie-com/language-masters/it/error/404,/content/abbvie-nextgen-eds/corporate/abbvie-com/it/it/error/404
/content/abbvie-com2/it/it/error/500,noindex,Published,Activate,Wed Mar 18 2026 16:27:49 GMT-0400,bryanjx9,/content/abbvie-nextgen-eds/corporate/abbvie-com/language-masters/it/error/500,/content/abbvie-nextgen-eds/corporate/abbvie-com/it/it/error/500
/content/abbvie-com2/jp/ja/error,noindex,Published,Activate,Mon Sep 29 2025 05:38:04 GMT-0400,feerosx,/content/abbvie-nextgen-eds/corporate/abbvie-com/language-masters/ja/error,/content/abbvie-nextgen-eds/corporate/abbvie-com/jp/ja/error
/content/abbvie-com2/jp/ja/error/403,noindex,Published,Activate,Mon Aug 31 2026 10:16:43 GMT-0400,bryanjx9,/content/abbvie-nextgen-eds/corporate/abbvie-com/language-masters/ja/error/403,/content/abbvie-nextgen-eds/corporate/abbvie-com/jp/ja/error/403
/content/abbvie-com2/jp/ja/error/404,noindex,Published,Activate,Mon Aug 31 2026 10:16:50 GMT-0400,bryanjx9,/content/abbvie-nextgen-eds/corporate/abbvie-com/language-masters/ja/error/404,/content/abbvie-nextgen-eds/corporate/abbvie-com/jp/ja/error/404
/content/abbvie-com2/jp/ja/error/500,noindex,Published,Activate,Mon Aug 31 2026 10:16:47 GMT-0400,bryanjx9,/content/abbvie-nextgen-eds/corporate/abbvie-com/language-masters/ja/error/500,/content/abbvie-nextgen-eds/corporate/abbvie-com/jp/ja/error/500
/content/abbvie-com2/kr/ko/latest-earnings,noindex,Unpublished,Deactivate,Fri Mar 20 2026 10:03:07 GMT-0400,bryanjx9,/content/abbvie-nextgen-eds/corporate/abbvie-com/language-masters/ko/latest-earnings,/content/abbvie-nextgen-eds/corporate/abbvie-com/kr/ko/latest-earnings
/content/abbvie-com2/mx/es/error,noindex,Published,Activate,Mon Sep 29 2025 06:52:41 GMT-0400,feerosx,,/content/abbvie-nextgen-eds/corporate/abbvie-com/mx/es/error
/content/abbvie-com2/mx/es/error/403,noindex,Published,Activate,Mon Sep 29 2025 06:52:28 GMT-0400,feerosx,,/content/abbvie-nextgen-eds/corporate/abbvie-com/mx/es/error/403
/content/abbvie-com2/mx/es/error/404,noindex,Published,Activate,Mon Sep 29 2025 06:52:28 GMT-0400,feerosx,,/content/abbvie-nextgen-eds/corporate/abbvie-com/mx/es/error/404
/content/abbvie-com2/mx/es/error/500,noindex,Published,Activate,Mon Sep 29 2025 06:52:28 GMT-0400,feerosx,,/content/abbvie-nextgen-eds/corporate/abbvie-com/mx/es/error/500
/content/abbvie-com2/nl/nl/error,noindex,Published,Activate,Wed Mar 25 2026 09:23:16 GMT-0400,bryanjx9,/content/abbvie-nextgen-eds/corporate/abbvie-com/language-masters/nl/error,/content/abbvie-nextgen-eds/corporate/abbvie-com/nl/nl/error
/content/abbvie-com2/nl/nl/error/403,noindex,Never Published,,,,/content/abbvie-nextgen-eds/corporate/abbvie-com/language-masters/nl/error/403,/content/abbvie-nextgen-eds/corporate/abbvie-com/nl/nl/error/403
/content/abbvie-com2/nl/nl/error/404,noindex,Published,Activate,Mon Sep 29 2025 07:15:02 GMT-0400,feerosx,/content/abbvie-nextgen-eds/corporate/abbvie-com/language-masters/nl/error/404,/content/abbvie-nextgen-eds/corporate/abbvie-com/nl/nl/error/404
/content/abbvie-com2/nl/nl/error/500,noindex,Never Published,,,,/content/abbvie-nextgen-eds/corporate/abbvie-com/language-masters/nl/error/500,/content/abbvie-nextgen-eds/corporate/abbvie-com/nl/nl/error/500
/content/abbvie-com2/nl/nl/nieuws/rechtszaak-tegen-abbvie-niet-ontvankelijk-verklaard,noindex,Published,Activate,Wed Mar 25 2026 09:27:01 GMT-0400,bryanjx9,/content/abbvie-nextgen-eds/corporate/abbvie-com/language-masters/nl/nieuws/rechtszaak-tegen-abbvie-niet-ontvankelijk-verklaard,/content/abbvie-nextgen-eds/corporate/abbvie-com/nl/nl/nieuws/rechtszaak-tegen-abbvie-niet-ontvankelijk-verklaard
/content/abbvie-com2/nl/nl/nieuws/verhalen/how-abbvies-integrated-operations-help-prevent-drug-shortages,noindex|nofollow|nosnippet,Published,Activate,Wed Mar 25 2026 09:27:36 GMT-0400,bryanjx9,/content/abbvie-nextgen-eds/corporate/abbvie-com/language-masters/nl/nieuws/verhalen/how-abbvies-integrated-operations-help-prevent-drug-shortages,/content/abbvie-nextgen-eds/corporate/abbvie-com/nl/nl/nieuws/verhalen/how-abbvies-integrated-operations-help-prevent-drug-shortages
/content/abbvie-com2/no/no/error,noindex,Published,Activate,Mon Sep 29 2025 07:08:12 GMT-0400,feerosx,/content/abbvie-nextgen-eds/corporate/abbvie-com/language-masters/no/error,/content/abbvie-nextgen-eds/corporate/abbvie-com/no/no/error
/content/abbvie-com2/no/no/error/403,noindex,Published,Activate,Mon Sep 29 2025 07:07:59 GMT-0400,feerosx,/content/abbvie-nextgen-eds/corporate/abbvie-com/language-masters/no/error/403,/content/abbvie-nextgen-eds/corporate/abbvie-com/no/no/error/403
/content/abbvie-com2/no/no/error/404,noindex,Published,Activate,Mon Sep 29 2025 07:07:59 GMT-0400,feerosx,/content/abbvie-nextgen-eds/corporate/abbvie-com/language-masters/no/error/404,/content/abbvie-nextgen-eds/corporate/abbvie-com/no/no/error/404
/content/abbvie-com2/no/no/error/500,noindex,Published,Activate,Mon Sep 29 2025 07:07:59 GMT-0400,feerosx,/content/abbvie-nextgen-eds/corporate/abbvie-com/language-masters/no/error/500,/content/abbvie-nextgen-eds/corporate/abbvie-com/no/no/error/500
/content/abbvie-com2/pr/es/contactus/failure,noindex,Unpublished,Deactivate,Tue Aug 04 2026 12:13:14 GMT-0400,SHARMRX18,,/content/abbvie-nextgen-eds/corporate/abbvie-com/pr/es/contactus/failure
/content/abbvie-com2/pr/es/contactus/thank-you,noindex,Unpublished,Deactivate,Tue Aug 04 2026 12:13:14 GMT-0400,SHARMRX18,,/content/abbvie-nextgen-eds/corporate/abbvie-com/pr/es/contactus/thank-you
/content/abbvie-com2/pr/es/error,noindex,Published,Activate,Mon Sep 29 2025 07:23:05 GMT-0400,feerosx,,/content/abbvie-nextgen-eds/corporate/abbvie-com/pr/es/error
/content/abbvie-com2/pr/es/error/403,noindex,Published,Activate,Mon Sep 29 2025 07:22:57 GMT-0400,feerosx,,/content/abbvie-nextgen-eds/corporate/abbvie-com/pr/es/error/403
/content/abbvie-com2/pr/es/error/404,noindex,Published,Activate,Mon Sep 29 2025 07:22:57 GMT-0400,feerosx,,/content/abbvie-nextgen-eds/corporate/abbvie-com/pr/es/error/404
/content/abbvie-com2/pr/es/error/500,noindex,Published,Activate,Mon Sep 29 2025 07:22:57 GMT-0400,feerosx,,/content/abbvie-nextgen-eds/corporate/abbvie-com/pr/es/error/500
/content/abbvie-com2/pr/es/who-we-are/abbvie-in-puerto-rico/our-stories/padres-trabajadores-de-abbvie-2024,noindex,Never Published,,,,,/content/abbvie-nextgen-eds/corporate/abbvie-com/pr/es/who-we-are/abbvie-in-puerto-rico/our-stories/padres-trabajadores-de-abbvie-2024
/content/abbvie-com2/pr/es/who-we-are/abbvie-in-puerto-rico/our-stories/tener-mejor-acceso-a-medicamentos,nofollow,Never Published,,,,,/content/abbvie-nextgen-eds/corporate/abbvie-com/pr/es/who-we-are/abbvie-in-puerto-rico/our-stories/tener-mejor-acceso-a-medicamentos
/content/abbvie-com2/pr/es/who-we-are/our-stories/padres-trabajadores-de-abbvie-2024,noindex,Published,Activate,Wed Jul 09 2025 16:05:57 GMT-0400,bryanjx9,,/content/abbvie-nextgen-eds/corporate/abbvie-com/pr/es/who-we-are/our-stories/padres-trabajadores-de-abbvie-2024
/content/abbvie-com2/pr/es/who-we-are/our-stories/tener-mejor-acceso-a-medicamentos,nofollow,Published,Activate,Wed Jul 09 2025 16:05:57 GMT-0400,bryanjx9,,/content/abbvie-nextgen-eds/corporate/abbvie-com/pr/es/who-we-are/our-stories/tener-mejor-acceso-a-medicamentos
/content/abbvie-com2/pt/pt/contactus/failure,noindex,Published,Activate,Thu Jul 20 2023 14:11:04 GMT-0400,MOHAMMX6,,/content/abbvie-nextgen-eds/corporate/abbvie-com/pt/pt/contactus/failure
/content/abbvie-com2/pt/pt/contactus/thank-you,noindex,Published,Activate,Thu Jul 20 2023 14:10:09 GMT-0400,MOHAMMX6,,/content/abbvie-nextgen-eds/corporate/abbvie-com/pt/pt/contactus/thank-you
/content/abbvie-com2/pt/pt/error,noindex,Published,Activate,Mon Sep 29 2025 06:46:21 GMT-0400,feerosx,,/content/abbvie-nextgen-eds/corporate/abbvie-com/pt/pt/error
/content/abbvie-com2/pt/pt/error/403,noindex,Published,Activate,Mon Sep 29 2025 06:46:13 GMT-0400,feerosx,,/content/abbvie-nextgen-eds/corporate/abbvie-com/pt/pt/error/403
/content/abbvie-com2/pt/pt/error/404,noindex,Published,Activate,Mon Sep 29 2025 06:46:13 GMT-0400,feerosx,,/content/abbvie-nextgen-eds/corporate/abbvie-com/pt/pt/error/404
/content/abbvie-com2/pt/pt/error/500,noindex,Published,Activate,Mon Sep 29 2025 06:46:13 GMT-0400,feerosx,,/content/abbvie-nextgen-eds/corporate/abbvie-com/pt/pt/error/500
/content/abbvie-com2/se/sv/error,noindex,Published,Activate,Fri Jan 30 2026 12:55:06 GMT-0500,SHARMRX18,/content/abbvie-nextgen-eds/corporate/abbvie-com/language-masters/sv/error,/content/abbvie-nextgen-eds/corporate/abbvie-com/se/sv/error
/content/abbvie-com2/se/sv/error/403,noindex,Published,Activate,Fri Jan 30 2026 12:55:06 GMT-0500,SHARMRX18,/content/abbvie-nextgen-eds/corporate/abbvie-com/language-masters/sv/error/403,/content/abbvie-nextgen-eds/corporate/abbvie-com/se/sv/error/403
/content/abbvie-com2/se/sv/error/404,noindex,Published,Activate,Fri Jan 30 2026 12:55:06 GMT-0500,SHARMRX18,/content/abbvie-nextgen-eds/corporate/abbvie-com/language-masters/sv/error/404,/content/abbvie-nextgen-eds/corporate/abbvie-com/se/sv/error/404
/content/abbvie-com2/se/sv/error/500,noindex,Published,Activate,Fri Jan 30 2026 12:55:06 GMT-0500,SHARMRX18,/content/abbvie-nextgen-eds/corporate/abbvie-com/language-masters/sv/error/500,/content/abbvie-nextgen-eds/corporate/abbvie-com/se/sv/error/500
/content/abbvie-com2/tr/tr/contactus/failure,noindex,Published,Activate,Wed May 07 2025 13:09:48 GMT-0400,PREVIEW,/content/abbvie-nextgen-eds/corporate/abbvie-com/language-masters/tr/contactus/failure,/content/abbvie-nextgen-eds/corporate/abbvie-com/tr/tr/contactus/failure
/content/abbvie-com2/tr/tr/contactus/thank-you,noindex,Published,Activate,Wed May 07 2025 13:09:48 GMT-0400,PREVIEW,/content/abbvie-nextgen-eds/corporate/abbvie-com/language-masters/tr/contactus/thank-you,/content/abbvie-nextgen-eds/corporate/abbvie-com/tr/tr/contactus/thank-you
/content/abbvie-com2/tr/tr/error,noindex,Published,Activate,Wed Oct 29 2025 15:53:41 GMT-0400,bryanjx9,/content/abbvie-nextgen-eds/corporate/abbvie-com/language-masters/tr/error,/content/abbvie-nextgen-eds/corporate/abbvie-com/tr/tr/error
/content/abbvie-com2/tr/tr/error/403,noindex,Published,Activate,Wed Oct 29 2025 15:53:23 GMT-0400,bryanjx9,/content/abbvie-nextgen-eds/corporate/abbvie-com/language-masters/tr/error/403,/content/abbvie-nextgen-eds/corporate/abbvie-com/tr/tr/error/403
/content/abbvie-com2/tr/tr/error/404,noindex,Published,Activate,Wed Oct 29 2025 15:53:23 GMT-0400,bryanjx9,/content/abbvie-nextgen-eds/corporate/abbvie-com/language-masters/tr/error/404,/content/abbvie-nextgen-eds/corporate/abbvie-com/tr/tr/error/404
/content/abbvie-com2/tr/tr/error/500,noindex,Published,Activate,Wed Oct 29 2025 15:53:23 GMT-0400,bryanjx9,/content/abbvie-nextgen-eds/corporate/abbvie-com/language-masters/tr/error/500,/content/abbvie-nextgen-eds/corporate/abbvie-com/tr/tr/error/500
/content/abbvie-com2/tr/tr/information-society-services,noindex,Published,Activate,Wed Oct 29 2025 15:51:32 GMT-0400,bryanjx9,/content/abbvie-nextgen-eds/corporate/abbvie-com/language-masters/tr/information-society-services,/content/abbvie-nextgen-eds/corporate/abbvie-com/tr/tr/information-society-services
/content/abbvie-com2/tr/tr/press-release/abbvie-turkiye-de-genel-mudur-degisimi,noindex,Published,Activate,Wed Oct 29 2025 16:05:52 GMT-0400,bryanjx9,/content/abbvie-nextgen-eds/corporate/abbvie-com/language-masters/tr/press-release/abbvie-turkiye-de-genel-mudur-degisimi,/content/abbvie-nextgen-eds/corporate/abbvie-com/tr/tr/press-release/abbvie-turkiye-de-genel-mudur-degisimi
/content/abbvie-com2/tr/tr/press-release/abbvie-turkiyenin-en-iyi-isvereni-secildi2021,noindex,Published,Activate,Wed Oct 29 2025 16:05:52 GMT-0400,bryanjx9,/content/abbvie-nextgen-eds/corporate/abbvie-com/language-masters/tr/press-release/abbvie-turkiyenin-en-iyi-isvereni-secildi2021,/content/abbvie-nextgen-eds/corporate/abbvie-com/tr/tr/press-release/abbvie-turkiyenin-en-iyi-isvereni-secildi2021
/content/abbvie-com2/tr/tr/press-release/abbvie-turkiyenin-en-iyi-isvereni-secildi2022,noindex,Published,Activate,Wed Oct 29 2025 16:05:52 GMT-0400,bryanjx9,/content/abbvie-nextgen-eds/corporate/abbvie-com/language-masters/tr/press-release/abbvie-turkiyenin-en-iyi-isvereni-secildi2022,/content/abbvie-nextgen-eds/corporate/abbvie-com/tr/tr/press-release/abbvie-turkiyenin-en-iyi-isvereni-secildi2022
/content/abbvie-com2/tr/tr/science/products/abbvie_bel_cantasi_cadd_pompa_icin,noindex,Published,Activate,Tue Dec 16 2025 11:59:31 GMT-0500,SHARMRX18,/content/abbvie-nextgen-eds/corporate/abbvie-com/language-masters/tr/science/products/abbvie_bel_cantasi_cadd_pompa_icin,/content/abbvie-nextgen-eds/corporate/abbvie-com/tr/tr/science/products/abbvie_bel_cantasi_cadd_pompa_icin
/content/abbvie-com2/tr/tr/science/products/Abbvie_J_022021,noindex,Published,Activate,Tue Dec 16 2025 11:59:31 GMT-0500,SHARMRX18,/content/abbvie-nextgen-eds/corporate/abbvie-com/language-masters/tr/science/products/Abbvie_J_022021,/content/abbvie-nextgen-eds/corporate/abbvie-com/tr/tr/science/products/Abbvie_J_022021
/content/abbvie-com2/tr/tr/science/products/AbbVie_NJ_Stileli_Nazo_Jejunal,noindex,Published,Activate,Tue Dec 16 2025 11:59:31 GMT-0500,SHARMRX18,/content/abbvie-nextgen-eds/corporate/abbvie-com/language-masters/tr/science/products/AbbVie_NJ_Stileli_Nazo_Jejunal,/content/abbvie-nextgen-eds/corporate/abbvie-com/tr/tr/science/products/AbbVie_NJ_Stileli_Nazo_Jejunal
/content/abbvie-com2/tr/tr/science/products/Abbvie_PEG_15_20_FR_082020,noindex,Published,Activate,Mon May 11 2026 08:32:23 GMT-0400,VALENSX5,/content/abbvie-nextgen-eds/corporate/abbvie-com/language-masters/tr/science/products/Abbvie_PEG_15_20_FR_082020,/content/abbvie-nextgen-eds/corporate/abbvie-com/tr/tr/science/products/Abbvie_PEG_15_20_FR_082020
/content/abbvie-com2/tr/tr/science/products/Acuvail,noindex,Published,Activate,Tue Dec 16 2025 11:59:31 GMT-0500,SHARMRX18,/content/abbvie-nextgen-eds/corporate/abbvie-com/language-masters/tr/science/products/Acuvail,/content/abbvie-nextgen-eds/corporate/abbvie-com/tr/tr/science/products/Acuvail
/content/abbvie-com2/tr/tr/science/products/Alphagan_p,noindex,Published,Activate,Tue Dec 16 2025 14:18:38 GMT-0500,VALENSX5,/content/abbvie-nextgen-eds/corporate/abbvie-com/language-masters/tr/science/products/Alphagan_p,/content/abbvie-nextgen-eds/corporate/abbvie-com/tr/tr/science/products/Alphagan_p
/content/abbvie-com2/tr/tr/science/products/aquipta-10-mg-kt,noindex,Published,Activate,Fri Apr 17 2026 09:31:02 GMT-0400,VALENSX5,/content/abbvie-nextgen-eds/corporate/abbvie-com/language-masters/tr/science/products/aquipta-10-mg-kt,/content/abbvie-nextgen-eds/corporate/abbvie-com/tr/tr/science/products/aquipta-10-mg-kt
/content/abbvie-com2/tr/tr/science/products/aquipta-10-mg-kub,noindex,Published,Activate,Thu Apr 16 2026 10:43:50 GMT-0400,VALENSX5,/content/abbvie-nextgen-eds/corporate/abbvie-com/language-masters/tr/science/products/aquipta-10-mg-kub,/content/abbvie-nextgen-eds/corporate/abbvie-com/tr/tr/science/products/aquipta-10-mg-kub
/content/abbvie-com2/tr/tr/science/products/aquipta-60-mg-kt,noindex,Published,Activate,Fri Apr 17 2026 09:30:43 GMT-0400,VALENSX5,/content/abbvie-nextgen-eds/corporate/abbvie-com/language-masters/tr/science/products/aquipta-60-mg-kt,/content/abbvie-nextgen-eds/corporate/abbvie-com/tr/tr/science/products/aquipta-60-mg-kt
/content/abbvie-com2/tr/tr/science/products/aquipta-60-mg-kub,noindex,Published,Activate,Mon Apr 27 2026 10:58:33 GMT-0400,VALENSX5,/content/abbvie-nextgen-eds/corporate/abbvie-com/language-masters/tr/science/products/aquipta-60-mg-kub,/content/abbvie-nextgen-eds/corporate/abbvie-com/tr/tr/science/products/aquipta-60-mg-kub
/content/abbvie-com2/tr/tr/science/products/botox_100U,noindex,Published,Activate,Tue Aug 18 2026 09:11:20 GMT-0400,VALENSX5,/content/abbvie-nextgen-eds/corporate/abbvie-com/language-masters/tr/science/products/botox_100U,/content/abbvie-nextgen-eds/corporate/abbvie-com/tr/tr/science/products/botox_100U
/content/abbvie-com2/tr/tr/science/products/COM1-CoolSculpting-Sistemi,noindex,Published,Activate,Tue Dec 16 2025 11:59:31 GMT-0500,SHARMRX18,/content/abbvie-nextgen-eds/corporate/abbvie-com/language-masters/tr/science/products/COM1-CoolSculpting-Sistemi,/content/abbvie-nextgen-eds/corporate/abbvie-com/tr/tr/science/products/COM1-CoolSculpting-Sistemi
/content/abbvie-com2/tr/tr/science/products/Combigan,noindex,Published,Activate,Thu Apr 16 2026 10:43:50 GMT-0400,VALENSX5,/content/abbvie-nextgen-eds/corporate/abbvie-com/language-masters/tr/science/products/Combigan,/content/abbvie-nextgen-eds/corporate/abbvie-com/tr/tr/science/products/Combigan
/content/abbvie-com2/tr/tr/science/products/Duodopa,noindex,Published,Activate,Tue Dec 16 2025 11:59:31 GMT-0500,SHARMRX18,/content/abbvie-nextgen-eds/corporate/abbvie-com/language-masters/tr/science/products/Duodopa,/content/abbvie-nextgen-eds/corporate/abbvie-com/tr/tr/science/products/Duodopa
/content/abbvie-com2/tr/tr/science/products/elahere-5-mg-kt,noindex,Published,Activate,Tue Aug 04 2026 10:27:58 GMT-0400,VALENSX5,/content/abbvie-nextgen-eds/corporate/abbvie-com/language-masters/tr/science/products/elahere-5-mg-kt,/content/abbvie-nextgen-eds/corporate/abbvie-com/tr/tr/science/products/elahere-5-mg-kt
/content/abbvie-com2/tr/tr/science/products/elahere-5-mg-kub,noindex,Published,Activate,Tue Aug 04 2026 10:27:58 GMT-0400,VALENSX5,/content/abbvie-nextgen-eds/corporate/abbvie-com/language-masters/tr/science/products/elahere-5-mg-kub,/content/abbvie-nextgen-eds/corporate/abbvie-com/tr/tr/science/products/elahere-5-mg-kub
/content/abbvie-com2/tr/tr/science/products/enfitten-kt,noindex,Published,Activate,Mon Mar 30 2026 10:54:15 GMT-0400,VALENSX5,/content/abbvie-nextgen-eds/corporate/abbvie-com/language-masters/tr/science/products/enfitten-kt,/content/abbvie-nextgen-eds/corporate/abbvie-com/tr/tr/science/products/enfitten-kt
/content/abbvie-com2/tr/tr/science/products/Exocin,noindex,Published,Activate,Thu Jan 15 2026 09:35:02 GMT-0500,VALENSX5,/content/abbvie-nextgen-eds/corporate/abbvie-com/language-masters/tr/science/products/Exocin,/content/abbvie-nextgen-eds/corporate/abbvie-com/tr/tr/science/products/Exocin
/content/abbvie-com2/tr/tr/science/products/FML_Liquifilm,noindex,Published,Activate,Thu Jul 02 2026 10:22:23 GMT-0400,PREVIEW,/content/abbvie-nextgen-eds/corporate/abbvie-com/language-masters/tr/science/products/FML_Liquifilm,/content/abbvie-nextgen-eds/corporate/abbvie-com/tr/tr/science/products/FML_Liquifilm
/content/abbvie-com2/tr/tr/science/products/Ganfort,noindex,Published,Activate,Tue Dec 16 2025 11:59:31 GMT-0500,SHARMRX18,/content/abbvie-nextgen-eds/corporate/abbvie-com/language-masters/tr/science/products/Ganfort,/content/abbvie-nextgen-eds/corporate/abbvie-com/tr/tr/science/products/Ganfort
/content/abbvie-com2/tr/tr/science/products/HArmonyCa_Lidocaine,noindex,Published,Activate,Tue Dec 16 2025 11:59:31 GMT-0500,SHARMRX18,/content/abbvie-nextgen-eds/corporate/abbvie-com/language-masters/tr/science/products/HArmonyCa_Lidocaine,/content/abbvie-nextgen-eds/corporate/abbvie-com/tr/tr/science/products/HArmonyCa_Lidocaine
/content/abbvie-com2/tr/tr/science/products/Humira_20mg,noindex,Published,Activate,Thu Feb 26 2026 10:42:21 GMT-0500,PREVIEW,/content/abbvie-nextgen-eds/corporate/abbvie-com/language-masters/tr/science/products/Humira_20mg,/content/abbvie-nextgen-eds/corporate/abbvie-com/tr/tr/science/products/Humira_20mg
/content/abbvie-com2/tr/tr/science/products/Humira_20mg_kt,noindex,Published,Activate,Tue Dec 16 2025 11:59:31 GMT-0500,SHARMRX18,/content/abbvie-nextgen-eds/corporate/abbvie-com/language-masters/tr/science/products/Humira_20mg_kt,/content/abbvie-nextgen-eds/corporate/abbvie-com/tr/tr/science/products/Humira_20mg_kt
/content/abbvie-com2/tr/tr/science/products/Humira_40mg,noindex,Published,Activate,Tue Dec 16 2025 11:59:31 GMT-0500,SHARMRX18,/content/abbvie-nextgen-eds/corporate/abbvie-com/language-masters/tr/science/products/Humira_40mg,/content/abbvie-nextgen-eds/corporate/abbvie-com/tr/tr/science/products/Humira_40mg
/content/abbvie-com2/tr/tr/science/products/Humira_40mg_kt,noindex,Published,Activate,Tue Dec 16 2025 11:59:31 GMT-0500,SHARMRX18,/content/abbvie-nextgen-eds/corporate/abbvie-com/language-masters/tr/science/products/Humira_40mg_kt,/content/abbvie-nextgen-eds/corporate/abbvie-com/tr/tr/science/products/Humira_40mg_kt
/content/abbvie-com2/tr/tr/science/products/Humira_pen,noindex,Published,Activate,Tue Dec 16 2025 11:59:31 GMT-0500,SHARMRX18,/content/abbvie-nextgen-eds/corporate/abbvie-com/language-masters/tr/science/products/Humira_pen,/content/abbvie-nextgen-eds/corporate/abbvie-com/tr/tr/science/products/Humira_pen
/content/abbvie-com2/tr/tr/science/products/Humira_pen_kt,noindex,Published,Activate,Fri Jan 09 2026 08:56:18 GMT-0500,VALENSX5,/content/abbvie-nextgen-eds/corporate/abbvie-com/language-masters/tr/science/products/Humira_pen_kt,/content/abbvie-nextgen-eds/corporate/abbvie-com/tr/tr/science/products/Humira_pen_kt
/content/abbvie-com2/tr/tr/science/products/Juvederm_ULTRA_2,noindex,Published,Activate,Tue Dec 16 2025 11:59:31 GMT-0500,SHARMRX18,/content/abbvie-nextgen-eds/corporate/abbvie-com/language-masters/tr/science/products/Juvederm_ULTRA_2,/content/abbvie-nextgen-eds/corporate/abbvie-com/tr/tr/science/products/Juvederm_ULTRA_2
/content/abbvie-com2/tr/tr/science/products/Juvederm_ULTRA_3,noindex,Published,Activate,Tue Dec 16 2025 11:59:31 GMT-0500,SHARMRX18,/content/abbvie-nextgen-eds/corporate/abbvie-com/language-masters/tr/science/products/Juvederm_ULTRA_3,/content/abbvie-nextgen-eds/corporate/abbvie-com/tr/tr/science/products/Juvederm_ULTRA_3
/content/abbvie-com2/tr/tr/science/products/Juvederm_ULTRA_4,noindex,Published,Activate,Tue Dec 16 2025 11:59:31 GMT-0500,SHARMRX18,/content/abbvie-nextgen-eds/corporate/abbvie-com/language-masters/tr/science/products/Juvederm_ULTRA_4,/content/abbvie-nextgen-eds/corporate/abbvie-com/tr/tr/science/products/Juvederm_ULTRA_4
/content/abbvie-com2/tr/tr/science/products/Juvederm_ULTRA_SMILE,noindex,Published,Activate,Tue Dec 16 2025 11:59:31 GMT-0500,SHARMRX18,/content/abbvie-nextgen-eds/corporate/abbvie-com/language-masters/tr/science/products/Juvederm_ULTRA_SMILE,/content/abbvie-nextgen-eds/corporate/abbvie-com/tr/tr/science/products/Juvederm_ULTRA_SMILE
/content/abbvie-com2/tr/tr/science/products/Juvederm_Volbella,noindex,Published,Activate,Tue Dec 16 2025 11:59:31 GMT-0500,SHARMRX18,/content/abbvie-nextgen-eds/corporate/abbvie-com/language-masters/tr/science/products/Juvederm_Volbella,/content/abbvie-nextgen-eds/corporate/abbvie-com/tr/tr/science/products/Juvederm_Volbella
/content/abbvie-com2/tr/tr/science/products/Juvederm_Volbella_30G,noindex,Published,Activate,Tue Dec 16 2025 11:59:31 GMT-0500,SHARMRX18,/content/abbvie-nextgen-eds/corporate/abbvie-com/language-masters/tr/science/products/Juvederm_Volbella_30G,/content/abbvie-nextgen-eds/corporate/abbvie-com/tr/tr/science/products/Juvederm_Volbella_30G
/content/abbvie-com2/tr/tr/science/products/Juvederm_Volift,noindex,Published,Activate,Tue Dec 16 2025 11:59:31 GMT-0500,SHARMRX18,/content/abbvie-nextgen-eds/corporate/abbvie-com/language-masters/tr/science/products/Juvederm_Volift,/content/abbvie-nextgen-eds/corporate/abbvie-com/tr/tr/science/products/Juvederm_Volift
/content/abbvie-com2/tr/tr/science/products/Juvederm_Volift_Retouch,noindex,Published,Activate,Tue Dec 16 2025 11:59:31 GMT-0500,SHARMRX18,/content/abbvie-nextgen-eds/corporate/abbvie-com/language-masters/tr/science/products/Juvederm_Volift_Retouch,/content/abbvie-nextgen-eds/corporate/abbvie-com/tr/tr/science/products/Juvederm_Volift_Retouch
/content/abbvie-com2/tr/tr/science/products/Juvederm_Volite,noindex,Unpublished,Deactivate,Tue Mar 03 2026 13:52:48 GMT-0500,VALENSX5,/content/abbvie-nextgen-eds/corporate/abbvie-com/language-masters/tr/science/products/Juvederm_Volite,/content/abbvie-nextgen-eds/corporate/abbvie-com/tr/tr/science/products/Juvederm_Volite
/content/abbvie-com2/tr/tr/science/products/Juvederm_Volux,noindex,Published,Activate,Tue Dec 16 2025 11:59:31 GMT-0500,SHARMRX18,/content/abbvie-nextgen-eds/corporate/abbvie-com/language-masters/tr/science/products/Juvederm_Volux,/content/abbvie-nextgen-eds/corporate/abbvie-com/tr/tr/science/products/Juvederm_Volux
/content/abbvie-com2/tr/tr/science/products/Juvederm-VOLUMA,noindex,Published,Activate,Tue Dec 16 2025 11:59:31 GMT-0500,SHARMRX18,/content/abbvie-nextgen-eds/corporate/abbvie-com/language-masters/tr/science/products/Juvederm-VOLUMA,/content/abbvie-nextgen-eds/corporate/abbvie-com/tr/tr/science/products/Juvederm-VOLUMA
/content/abbvie-com2/tr/tr/science/products/Kaletra_200mg,noindex,Published,Activate,Tue Dec 16 2025 11:59:31 GMT-0500,SHARMRX18,/content/abbvie-nextgen-eds/corporate/abbvie-com/language-masters/tr/science/products/Kaletra_200mg,/content/abbvie-nextgen-eds/corporate/abbvie-com/tr/tr/science/products/Kaletra_200mg
/content/abbvie-com2/tr/tr/science/products/Kaletra_200mg_kt,noindex,Published,Activate,Tue Dec 16 2025 11:59:31 GMT-0500,SHARMRX18,/content/abbvie-nextgen-eds/corporate/abbvie-com/language-masters/tr/science/products/Kaletra_200mg_kt,/content/abbvie-nextgen-eds/corporate/abbvie-com/tr/tr/science/products/Kaletra_200mg_kt
/content/abbvie-com2/tr/tr/science/products/Lastacaft,noindex,Published,Activate,Tue Dec 16 2025 11:59:31 GMT-0500,SHARMRX18,/content/abbvie-nextgen-eds/corporate/abbvie-com/language-masters/tr/science/products/Lastacaft,/content/abbvie-nextgen-eds/corporate/abbvie-com/tr/tr/science/products/Lastacaft
/content/abbvie-com2/tr/tr/science/products/Lucrin_depot_1_ay_im,noindex,Published,Activate,Tue Dec 16 2025 11:59:31 GMT-0500,SHARMRX18,/content/abbvie-nextgen-eds/corporate/abbvie-com/language-masters/tr/science/products/Lucrin_depot_1_ay_im,/content/abbvie-nextgen-eds/corporate/abbvie-com/tr/tr/science/products/Lucrin_depot_1_ay_im
/content/abbvie-com2/tr/tr/science/products/Lucrin_depot_3_ay_im,noindex,Published,Activate,Tue Dec 16 2025 11:59:31 GMT-0500,SHARMRX18,/content/abbvie-nextgen-eds/corporate/abbvie-com/language-masters/tr/science/products/Lucrin_depot_3_ay_im,/content/abbvie-nextgen-eds/corporate/abbvie-com/tr/tr/science/products/Lucrin_depot_3_ay_im
/content/abbvie-com2/tr/tr/science/products/luerden-kt,noindex,Published,Activate,Mon Mar 30 2026 10:53:56 GMT-0400,VALENSX5,/content/abbvie-nextgen-eds/corporate/abbvie-com/language-masters/tr/science/products/luerden-kt,/content/abbvie-nextgen-eds/corporate/abbvie-com/tr/tr/science/products/luerden-kt
/content/abbvie-com2/tr/tr/science/products/Lumigan_rc,noindex,Published,Activate,Tue Dec 16 2025 11:59:31 GMT-0500,SHARMRX18,/content/abbvie-nextgen-eds/corporate/abbvie-com/language-masters/tr/science/products/Lumigan_rc,/content/abbvie-nextgen-eds/corporate/abbvie-com/tr/tr/science/products/Lumigan_rc
/content/abbvie-com2/tr/tr/science/products/Maviret_100mg,noindex,Published,Activate,Tue Dec 16 2025 11:59:31 GMT-0500,SHARMRX18,/content/abbvie-nextgen-eds/corporate/abbvie-com/language-masters/tr/science/products/Maviret_100mg,/content/abbvie-nextgen-eds/corporate/abbvie-com/tr/tr/science/products/Maviret_100mg
/content/abbvie-com2/tr/tr/science/products/Maviret_100mg_kt,noindex,Published,Activate,Tue Dec 16 2025 11:59:31 GMT-0500,SHARMRX18,/content/abbvie-nextgen-eds/corporate/abbvie-com/language-masters/tr/science/products/Maviret_100mg_kt,/content/abbvie-nextgen-eds/corporate/abbvie-com/tr/tr/science/products/Maviret_100mg_kt
/content/abbvie-com2/tr/tr/science/products/Norvir_100mg,noindex,Published,Activate,Tue Dec 16 2025 11:59:31 GMT-0500,SHARMRX18,/content/abbvie-nextgen-eds/corporate/abbvie-com/language-masters/tr/science/products/Norvir_100mg,/content/abbvie-nextgen-eds/corporate/abbvie-com/tr/tr/science/products/Norvir_100mg
/content/abbvie-com2/tr/tr/science/products/Norvir_100mg_kt,noindex,Published,Activate,Tue Dec 16 2025 11:59:31 GMT-0500,SHARMRX18,/content/abbvie-nextgen-eds/corporate/abbvie-com/language-masters/tr/science/products/Norvir_100mg_kt,/content/abbvie-nextgen-eds/corporate/abbvie-com/tr/tr/science/products/Norvir_100mg_kt
/content/abbvie-com2/tr/tr/science/products/Optive_fusion,noindex,Published,Activate,Tue Dec 16 2025 11:59:31 GMT-0500,SHARMRX18,/content/abbvie-nextgen-eds/corporate/abbvie-com/language-masters/tr/science/products/Optive_fusion,/content/abbvie-nextgen-eds/corporate/abbvie-com/tr/tr/science/products/Optive_fusion
/content/abbvie-com2/tr/tr/science/products/Ozurdex_700mcg,noindex,Published,Activate,Tue Dec 16 2025 11:59:31 GMT-0500,SHARMRX18,/content/abbvie-nextgen-eds/corporate/abbvie-com/language-masters/tr/science/products/Ozurdex_700mcg,/content/abbvie-nextgen-eds/corporate/abbvie-com/tr/tr/science/products/Ozurdex_700mcg
/content/abbvie-com2/tr/tr/science/products/Pred_forte,noindex,Published,Activate,Tue Aug 04 2026 10:27:58 GMT-0400,VALENSX5,/content/abbvie-nextgen-eds/corporate/abbvie-com/language-masters/tr/science/products/Pred_forte,/content/abbvie-nextgen-eds/corporate/abbvie-com/tr/tr/science/products/Pred_forte
/content/abbvie-com2/tr/tr/science/products/Refresh,noindex,Published,Activate,Tue Dec 16 2025 11:59:31 GMT-0500,SHARMRX18,/content/abbvie-nextgen-eds/corporate/abbvie-com/language-masters/tr/science/products/Refresh,/content/abbvie-nextgen-eds/corporate/abbvie-com/tr/tr/science/products/Refresh
/content/abbvie-com2/tr/tr/science/products/Refresh_Liquigel,noindex,Published,Activate,Tue Dec 16 2025 11:59:31 GMT-0500,SHARMRX18,/content/abbvie-nextgen-eds/corporate/abbvie-com/language-masters/tr/science/products/Refresh_Liquigel,/content/abbvie-nextgen-eds/corporate/abbvie-com/tr/tr/science/products/Refresh_Liquigel
/content/abbvie-com2/tr/tr/science/products/Refresh_Liquigel_kt,noindex,Published,Activate,Tue Dec 16 2025 11:59:31 GMT-0500,SHARMRX18,/content/abbvie-nextgen-eds/corporate/abbvie-com/language-masters/tr/science/products/Refresh_Liquigel_kt,/content/abbvie-nextgen-eds/corporate/abbvie-com/tr/tr/science/products/Refresh_Liquigel_kt
/content/abbvie-com2/tr/tr/science/products/Refresh_Tears,noindex,Published,Activate,Tue Dec 16 2025 11:59:31 GMT-0500,SHARMRX18,/content/abbvie-nextgen-eds/corporate/abbvie-com/language-masters/tr/science/products/Refresh_Tears,/content/abbvie-nextgen-eds/corporate/abbvie-com/tr/tr/science/products/Refresh_Tears
/content/abbvie-com2/tr/tr/science/products/Refresh_Tears_kt,noindex,Published,Activate,Tue Dec 16 2025 11:59:31 GMT-0500,SHARMRX18,/content/abbvie-nextgen-eds/corporate/abbvie-com/language-masters/tr/science/products/Refresh_Tears_kt,/content/abbvie-nextgen-eds/corporate/abbvie-com/tr/tr/science/products/Refresh_Tears_kt
/content/abbvie-com2/tr/tr/science/products/Relestat,noindex,Published,Activate,Thu Apr 16 2026 10:43:50 GMT-0400,VALENSX5,/content/abbvie-nextgen-eds/corporate/abbvie-com/language-masters/tr/science/products/Relestat,/content/abbvie-nextgen-eds/corporate/abbvie-com/tr/tr/science/products/Relestat
/content/abbvie-com2/tr/tr/science/products/Restasis,noindex,Published,Activate,Tue Dec 16 2025 11:59:31 GMT-0500,SHARMRX18,/content/abbvie-nextgen-eds/corporate/abbvie-com/language-masters/tr/science/products/Restasis,/content/abbvie-nextgen-eds/corporate/abbvie-com/tr/tr/science/products/Restasis
/content/abbvie-com2/tr/tr/science/products/Restasis_kt,noindex,Published,Activate,Mon Mar 30 2026 15:30:27 GMT-0400,PREVIEW,/content/abbvie-nextgen-eds/corporate/abbvie-com/language-masters/tr/science/products/Restasis_kt,/content/abbvie-nextgen-eds/corporate/abbvie-com/tr/tr/science/products/Restasis_kt
/content/abbvie-com2/tr/tr/science/products/restasis-mdpf-kt,noindex,Published,Activate,Mon Mar 30 2026 15:29:32 GMT-0400,VALENSX5,/content/abbvie-nextgen-eds/corporate/abbvie-com/language-masters/tr/science/products/restasis-mdpf-kt,/content/abbvie-nextgen-eds/corporate/abbvie-com/tr/tr/science/products/restasis-mdpf-kt
/content/abbvie-com2/tr/tr/science/products/restasis-mdpf-kub,noindex,Published,Activate,Mon Mar 30 2026 10:54:30 GMT-0400,VALENSX5,/content/abbvie-nextgen-eds/corporate/abbvie-com/language-masters/tr/science/products/restasis-mdpf-kub,/content/abbvie-nextgen-eds/corporate/abbvie-com/tr/tr/science/products/restasis-mdpf-kub
/content/abbvie-com2/tr/tr/science/products/Rinvoq_15mg,noindex,Published,Activate,Tue Dec 16 2025 11:59:31 GMT-0500,SHARMRX18,/content/abbvie-nextgen-eds/corporate/abbvie-com/language-masters/tr/science/products/Rinvoq_15mg,/content/abbvie-nextgen-eds/corporate/abbvie-com/tr/tr/science/products/Rinvoq_15mg
/content/abbvie-com2/tr/tr/science/products/Rinvoq_15mg_kt,noindex,Published,Activate,Tue Dec 16 2025 11:59:31 GMT-0500,SHARMRX18,/content/abbvie-nextgen-eds/corporate/abbvie-com/language-masters/tr/science/products/Rinvoq_15mg_kt,/content/abbvie-nextgen-eds/corporate/abbvie-com/tr/tr/science/products/Rinvoq_15mg_kt
/content/abbvie-com2/tr/tr/science/products/Rinvoq_45mg,noindex,Published,Activate,Tue Dec 16 2025 11:59:31 GMT-0500,SHARMRX18,/content/abbvie-nextgen-eds/corporate/abbvie-com/language-masters/tr/science/products/Rinvoq_45mg,/content/abbvie-nextgen-eds/corporate/abbvie-com/tr/tr/science/products/Rinvoq_45mg
/content/abbvie-com2/tr/tr/science/products/Rinvoq_45mg_kt,noindex,Published,Activate,Tue Dec 16 2025 11:59:31 GMT-0500,SHARMRX18,/content/abbvie-nextgen-eds/corporate/abbvie-com/language-masters/tr/science/products/Rinvoq_45mg_kt,/content/abbvie-nextgen-eds/corporate/abbvie-com/tr/tr/science/products/Rinvoq_45mg_kt
/content/abbvie-com2/tr/tr/science/products/Sevorane,noindex,Published,Activate,Tue Dec 16 2025 11:59:31 GMT-0500,SHARMRX18,/content/abbvie-nextgen-eds/corporate/abbvie-com/language-masters/tr/science/products/Sevorane,/content/abbvie-nextgen-eds/corporate/abbvie-com/tr/tr/science/products/Sevorane
/content/abbvie-com2/tr/tr/science/products/Skyrizi_150mg,noindex,Published,Activate,Wed Jan 07 2026 12:35:54 GMT-0500,VALENSX5,/content/abbvie-nextgen-eds/corporate/abbvie-com/language-masters/tr/science/products/Skyrizi_150mg,/content/abbvie-nextgen-eds/corporate/abbvie-com/tr/tr/science/products/Skyrizi_150mg
/content/abbvie-com2/tr/tr/science/products/Skyrizi_150mg_kt,noindex,Published,Activate,Wed Jan 07 2026 12:36:04 GMT-0500,VALENSX5,/content/abbvie-nextgen-eds/corporate/abbvie-com/language-masters/tr/science/products/Skyrizi_150mg_kt,/content/abbvie-nextgen-eds/corporate/abbvie-com/tr/tr/science/products/Skyrizi_150mg_kt
/content/abbvie-com2/tr/tr/science/products/Skyrizi_150mg_ml,noindex,Published,Activate,Wed Jan 07 2026 12:36:40 GMT-0500,VALENSX5,/content/abbvie-nextgen-eds/corporate/abbvie-com/language-masters/tr/science/products/Skyrizi_150mg_ml,/content/abbvie-nextgen-eds/corporate/abbvie-com/tr/tr/science/products/Skyrizi_150mg_ml
/content/abbvie-com2/tr/tr/science/products/Skyrizi_150mg_ml_kt,noindex,Published,Activate,Wed Jan 07 2026 12:36:57 GMT-0500,VALENSX5,/content/abbvie-nextgen-eds/corporate/abbvie-com/language-masters/tr/science/products/Skyrizi_150mg_ml_kt,/content/abbvie-nextgen-eds/corporate/abbvie-com/tr/tr/science/products/Skyrizi_150mg_ml_kt
/content/abbvie-com2/tr/tr/science/products/skyrizi-180-obi-kub-tr,noindex,Published,Activate,Fri Feb 27 2026 10:00:14 GMT-0500,VALENSX5,/content/abbvie-nextgen-eds/corporate/abbvie-com/language-masters/tr/science/products/skyrizi-180-obi-kub-tr,/content/abbvie-nextgen-eds/corporate/abbvie-com/tr/tr/science/products/skyrizi-180-obi-kub-tr
/content/abbvie-com2/tr/tr/science/products/skyrizi-360-obi-kub-tr,noindex,Published,Activate,Fri Feb 27 2026 10:00:14 GMT-0500,VALENSX5,/content/abbvie-nextgen-eds/corporate/abbvie-com/language-masters/tr/science/products/skyrizi-360-obi-kub-tr,/content/abbvie-nextgen-eds/corporate/abbvie-com/tr/tr/science/products/skyrizi-360-obi-kub-tr
/content/abbvie-com2/tr/tr/science/products/skyrizi-600-vial-kub-tr,noindex,Published,Activate,Fri Feb 27 2026 10:00:14 GMT-0500,VALENSX5,/content/abbvie-nextgen-eds/corporate/abbvie-com/language-masters/tr/science/products/skyrizi-600-vial-kub-tr,/content/abbvie-nextgen-eds/corporate/abbvie-com/tr/tr/science/products/skyrizi-600-vial-kub-tr
/content/abbvie-com2/tr/tr/science/products/ssy-engine,noindex,Published,Activate,Tue Dec 16 2025 11:59:31 GMT-0500,SHARMRX18,/content/abbvie-nextgen-eds/corporate/abbvie-com/language-masters/tr/science/products/ssy-engine,/content/abbvie-nextgen-eds/corporate/abbvie-com/tr/tr/science/products/ssy-engine
/content/abbvie-com2/tr/tr/science/products/Survanta_200mg,noindex,Published,Activate,Tue Dec 16 2025 11:59:31 GMT-0500,SHARMRX18,/content/abbvie-nextgen-eds/corporate/abbvie-com/language-masters/tr/science/products/Survanta_200mg,/content/abbvie-nextgen-eds/corporate/abbvie-com/tr/tr/science/products/Survanta_200mg
/content/abbvie-com2/tr/tr/science/products/venclyxto_100mg_film-kapil-tablet,noindex,Published,Activate,Tue Dec 16 2025 11:59:31 GMT-0500,SHARMRX18,/content/abbvie-nextgen-eds/corporate/abbvie-com/language-masters/tr/science/products/venclyxto_100mg_film-kapil-tablet,/content/abbvie-nextgen-eds/corporate/abbvie-com/tr/tr/science/products/venclyxto_100mg_film-kapil-tablet
/content/abbvie-com2/tr/tr/science/products/venclyxto_100mg_film-kapil-tablet-kt,noindex,Published,Activate,Tue Dec 16 2025 11:59:31 GMT-0500,SHARMRX18,/content/abbvie-nextgen-eds/corporate/abbvie-com/language-masters/tr/science/products/venclyxto_100mg_film-kapil-tablet-kt,/content/abbvie-nextgen-eds/corporate/abbvie-com/tr/tr/science/products/venclyxto_100mg_film-kapil-tablet-kt
/content/abbvie-com2/tr/tr/science/products/Venclyxto_10mg,noindex,Published,Activate,Tue Dec 16 2025 11:59:31 GMT-0500,SHARMRX18,/content/abbvie-nextgen-eds/corporate/abbvie-com/language-masters/tr/science/products/Venclyxto_10mg,/content/abbvie-nextgen-eds/corporate/abbvie-com/tr/tr/science/products/Venclyxto_10mg
/content/abbvie-com2/tr/tr/science/products/Venclyxto_10mg_kt,noindex,Published,Activate,Tue Dec 16 2025 11:59:31 GMT-0500,SHARMRX18,/content/abbvie-nextgen-eds/corporate/abbvie-com/language-masters/tr/science/products/Venclyxto_10mg_kt,/content/abbvie-nextgen-eds/corporate/abbvie-com/tr/tr/science/products/Venclyxto_10mg_kt
/content/abbvie-com2/tr/tr/science/products/Venclyxto_50mg,noindex,Published,Activate,Tue Dec 16 2025 11:59:31 GMT-0500,SHARMRX18,/content/abbvie-nextgen-eds/corporate/abbvie-com/language-masters/tr/science/products/Venclyxto_50mg,/content/abbvie-nextgen-eds/corporate/abbvie-com/tr/tr/science/products/Venclyxto_50mg
/content/abbvie-com2/tr/tr/science/products/Venclyxto_50mg_kt,noindex,Published,Activate,Tue Dec 16 2025 11:59:31 GMT-0500,SHARMRX18,/content/abbvie-nextgen-eds/corporate/abbvie-com/language-masters/tr/science/products/Venclyxto_50mg_kt,/content/abbvie-nextgen-eds/corporate/abbvie-com/tr/tr/science/products/Venclyxto_50mg_kt
/content/abbvie-com2/tr/tr/science/products/Xen_45,noindex,Published,Activate,Tue Dec 16 2025 11:59:31 GMT-0500,SHARMRX18,/content/abbvie-nextgen-eds/corporate/abbvie-com/language-masters/tr/science/products/Xen_45,/content/abbvie-nextgen-eds/corporate/abbvie-com/tr/tr/science/products/Xen_45
/content/abbvie-com2/tw/zh/contactus/failure,noindex,Unpublished,Deactivate,Sun May 05 2024 21:30:29 GMT-0400,jewitca,/content/abbvie-nextgen-eds/corporate/abbvie-com/language-masters/zh-tw/contactus/failure,/content/abbvie-nextgen-eds/corporate/abbvie-com/tw/zh/contactus/failure
/content/abbvie-com2/tw/zh/contactus/thank-you,noindex,Unpublished,Deactivate,Sun May 05 2024 21:30:29 GMT-0400,jewitca,/content/abbvie-nextgen-eds/corporate/abbvie-com/language-masters/zh-tw/contactus/thank-you,/content/abbvie-nextgen-eds/corporate/abbvie-com/tw/zh/contactus/thank-you
/content/abbvie-com2/tw/zh/error,noindex,Published,Activate,Mon Sep 29 2025 05:52:32 GMT-0400,feerosx,/content/abbvie-nextgen-eds/corporate/abbvie-com/language-masters/zh-tw/error,/content/abbvie-nextgen-eds/corporate/abbvie-com/tw/zh/error
/content/abbvie-com2/tw/zh/error/403,noindex,Published,Activate,Mon Sep 29 2025 05:52:17 GMT-0400,feerosx,/content/abbvie-nextgen-eds/corporate/abbvie-com/language-masters/zh-tw/error/403,/content/abbvie-nextgen-eds/corporate/abbvie-com/tw/zh/error/403
/content/abbvie-com2/tw/zh/error/404,noindex,Published,Activate,Mon Sep 29 2025 05:52:17 GMT-0400,feerosx,/content/abbvie-nextgen-eds/corporate/abbvie-com/language-masters/zh-tw/error/404,/content/abbvie-nextgen-eds/corporate/abbvie-com/tw/zh/error/404
/content/abbvie-com2/tw/zh/error/500,noindex,Published,Activate,Mon Sep 29 2025 05:52:17 GMT-0400,feerosx,/content/abbvie-nextgen-eds/corporate/abbvie-com/language-masters/zh-tw/error/500,/content/abbvie-nextgen-eds/corporate/abbvie-com/tw/zh/error/500
/content/abbvie-com2/tw/zh/latest-earnings,noindex,Published,Activate,Tue Oct 01 2024 22:20:54 GMT-0400,jewitca,/content/abbvie-nextgen-eds/corporate/abbvie-com/language-masters/zh-tw/latest-earnings,/content/abbvie-nextgen-eds/corporate/abbvie-com/tw/zh/latest-earnings
/content/abbvie-com2/ua/uk/error,noindex,Published,Activate,Mon Sep 29 2025 06:42:36 GMT-0400,feerosx,/content/abbvie-nextgen-eds/corporate/abbvie-com/language-masters/uk/error,/content/abbvie-nextgen-eds/corporate/abbvie-com/ua/uk/error
/content/abbvie-com2/ua/uk/error/403,noindex,Published,Activate,Mon Sep 29 2025 06:42:27 GMT-0400,feerosx,/content/abbvie-nextgen-eds/corporate/abbvie-com/language-masters/uk/error/403,/content/abbvie-nextgen-eds/corporate/abbvie-com/ua/uk/error/403
/content/abbvie-com2/ua/uk/error/404,noindex,Published,Activate,Mon Sep 29 2025 06:42:27 GMT-0400,feerosx,/content/abbvie-nextgen-eds/corporate/abbvie-com/language-masters/uk/error/404,/content/abbvie-nextgen-eds/corporate/abbvie-com/ua/uk/error/404
/content/abbvie-com2/ua/uk/error/500,noindex,Published,Activate,Mon Sep 29 2025 06:42:27 GMT-0400,feerosx,/content/abbvie-nextgen-eds/corporate/abbvie-com/language-masters/uk/error/500,/content/abbvie-nextgen-eds/corporate/abbvie-com/ua/uk/error/500
/content/abbvie-com2/uk/en/landing-page,nofollow|noindex,Published,Activate,Thu Apr 16 2026 04:21:56 GMT-0400,vickekx,/content/abbvie-nextgen-eds/corporate/abbvie-com/language-masters/en-gb/landing-page,/content/abbvie-nextgen-eds/corporate/abbvie-com/uk/en/landing-page
/content/abbvie-com2/uk/en/landing-page/abbvie-meeting,noindex|nofollow,Unpublished,Deactivate,Thu May 21 2026 06:01:29 GMT-0400,vickekx,/content/abbvie-nextgen-eds/corporate/abbvie-com/language-masters/en-gb/landing-page/abbvie-meeting,/content/abbvie-nextgen-eds/corporate/abbvie-com/uk/en/landing-page/abbvie-meeting
/content/abbvie-com2/uk/en/who-we-are/abbvie-in-ireland,noindex,Published,Activate,Wed Sep 16 2026 07:05:23 GMT-0400,vickekx,/content/abbvie-nextgen-eds/corporate/abbvie-com/language-masters/en-gb/who-we-are/abbvie-in-ireland,/content/abbvie-nextgen-eds/corporate/abbvie-com/uk/en/who-we-are/abbvie-in-ireland
/content/abbvie-com2/us/en/abbvie-welcome,noindex,Published,Activate,Fri Oct 17 2025 17:23:43 GMT-0400,workflow-process-service,/content/abbvie-nextgen-eds/corporate/abbvie-com/language-masters/en/abbvie-welcome,/content/abbvie-nextgen-eds/corporate/abbvie-com/us/en/abbvie-welcome
/content/abbvie-com2/us/en/contactus/failure,noindex,Unpublished,Deactivate,Wed Jun 03 2026 16:13:22 GMT-0400,SHARMRX18,/content/abbvie-nextgen-eds/corporate/abbvie-com/language-masters/en/contactus/failure,/content/abbvie-nextgen-eds/corporate/abbvie-com/us/en/contactus/failure
/content/abbvie-com2/us/en/contactus/thank-you,noindex,Unpublished,Deactivate,Wed Jun 03 2026 16:13:22 GMT-0400,SHARMRX18,/content/abbvie-nextgen-eds/corporate/abbvie-com/language-masters/en/contactus/thank-you,/content/abbvie-nextgen-eds/corporate/abbvie-com/us/en/contactus/thank-you
/content/abbvie-com2/us/en/error,noindex,Published,Activate,Mon Sep 29 2025 04:56:09 GMT-0400,feerosx,/content/abbvie-nextgen-eds/corporate/abbvie-com/language-masters/en/error,/content/abbvie-nextgen-eds/corporate/abbvie-com/us/en/error
/content/abbvie-com2/us/en/error/403,noindex,Published,Activate,Mon Sep 29 2025 04:56:00 GMT-0400,feerosx,/content/abbvie-nextgen-eds/corporate/abbvie-com/language-masters/en/error/403,/content/abbvie-nextgen-eds/corporate/abbvie-com/us/en/error/403
/content/abbvie-com2/us/en/error/404,noindex,Published,Activate,Mon Sep 29 2025 04:56:00 GMT-0400,feerosx,/content/abbvie-nextgen-eds/corporate/abbvie-com/language-masters/en/error/404,/content/abbvie-nextgen-eds/corporate/abbvie-com/us/en/error/404
/content/abbvie-com2/us/en/error/500,noindex,Published,Activate,Mon Sep 29 2025 04:56:00 GMT-0400,feerosx,/content/abbvie-nextgen-eds/corporate/abbvie-com/language-masters/en/error/500,/content/abbvie-nextgen-eds/corporate/abbvie-com/us/en/error/500
/content/abbvie-com2/us/en/esg-report,noindex,Published,Activate,Tue May 06 2025 19:07:38 GMT-0400,chiucx,/content/abbvie-nextgen-eds/corporate/abbvie-com/language-masters/en/esg-report,/content/abbvie-nextgen-eds/corporate/abbvie-com/us/en/esg-report
/content/abbvie-com2/us/en/guestwifi,noindex,Published,Activate,Wed Sep 10 2025 10:06:43 GMT-0400,workflow-process-service,/content/abbvie-nextgen-eds/corporate/abbvie-com/language-masters/en/guestwifi,/content/abbvie-nextgen-eds/corporate/abbvie-com/us/en/guestwifi
/content/abbvie-com2/us/en/join-us/welcome-to-abbvie,noindex,Published,Activate,Tue Aug 25 2026 14:26:32 GMT-0400,stromkx1,/content/abbvie-nextgen-eds/corporate/abbvie-com/language-masters/en/join-us/welcome-to-abbvie,/content/abbvie-nextgen-eds/corporate/abbvie-com/us/en/join-us/welcome-to-abbvie
/content/abbvie-com2/us/en/latest-earnings,noindex,Published,Activate,Wed Apr 29 2026 14:58:51 GMT-0400,stromkx1,/content/abbvie-nextgen-eds/corporate/abbvie-com/language-masters/en/latest-earnings,/content/abbvie-nextgen-eds/corporate/abbvie-com/us/en/latest-earnings
/content/abbvie-com2/us/en/patients/patient-support/patient-assistance/imb-program,noindex,Unpublished,Deactivate,Tue Jan 14 2025 12:47:53 GMT-0500,knx2,/content/abbvie-nextgen-eds/corporate/abbvie-com/language-masters/en/patients/patient-support/patient-assistance/imb-program,/content/abbvie-nextgen-eds/corporate/abbvie-com/us/en/patients/patient-support/patient-assistance/imb-program
/content/abbvie-com2/us/en/science/abbvie-research-collaborative-endometrosis,noindex|nofollow,Published,Activate,Tue Oct 24 2023 14:27:29 GMT-0400,chiucx,/content/abbvie-nextgen-eds/corporate/abbvie-com/language-masters/en/science/abbvie-research-collaborative-endometrosis,/content/abbvie-nextgen-eds/corporate/abbvie-com/us/en/science/abbvie-research-collaborative-endometrosis
/content/abbvie-com2/us/en/science/abbvie-research-collaborative-endometrosis/failure,noindex|noarchive,Unpublished,Deactivate,Tue Oct 24 2023 15:02:16 GMT-0400,chiucx,/content/abbvie-nextgen-eds/corporate/abbvie-com/language-masters/en/science/abbvie-research-collaborative-endometrosis/failure,/content/abbvie-nextgen-eds/corporate/abbvie-com/us/en/science/abbvie-research-collaborative-endometrosis/failure
/content/abbvie-com2/us/en/science/abbvie-research-collaborative-endometrosis/thank-you,noindex|noarchive,Unpublished,Deactivate,Tue Oct 24 2023 15:02:16 GMT-0400,chiucx,/content/abbvie-nextgen-eds/corporate/abbvie-com/language-masters/en/science/abbvie-research-collaborative-endometrosis/thank-you,/content/abbvie-nextgen-eds/corporate/abbvie-com/us/en/science/abbvie-research-collaborative-endometrosis/thank-you
/content/abbvie-com2/us/en/science/abbvie-research-collaborative-migraine/failure,noindex|noarchive,Unpublished,Deactivate,Tue Oct 24 2023 15:02:28 GMT-0400,chiucx,/content/abbvie-nextgen-eds/corporate/abbvie-com/language-masters/en/science/abbvie-research-collaborative-migraine/failure,/content/abbvie-nextgen-eds/corporate/abbvie-com/us/en/science/abbvie-research-collaborative-migraine/failure
/content/abbvie-com2/us/en/science/abbvie-research-collaborative-migraine/thank-you,noindex|nofollow,Unpublished,Deactivate,Tue Oct 24 2023 15:02:28 GMT-0400,chiucx,/content/abbvie-nextgen-eds/corporate/abbvie-com/language-masters/en/science/abbvie-research-collaborative-migraine/thank-you,/content/abbvie-nextgen-eds/corporate/abbvie-com/us/en/science/abbvie-research-collaborative-migraine/thank-you
/content/abbvie-com2/us/en/science/areas-of-innovation/innovating-for-patients,noindex,Published,Activate,Tue Aug 19 2025 12:15:37 GMT-0400,chiucx,/content/abbvie-nextgen-eds/corporate/abbvie-com/language-masters/en/science/areas-of-innovation/innovating-for-patients,/content/abbvie-nextgen-eds/corporate/abbvie-com/us/en/science/areas-of-innovation/innovating-for-patients
/content/abbvie-com2/us/en/search-results,noindex,Published,Activate,Mon Feb 02 2026 12:40:24 GMT-0500,SHARMRX18,/content/abbvie-nextgen-eds/corporate/abbvie-com/language-masters/en/search-results,/content/abbvie-nextgen-eds/corporate/abbvie-com/us/en/search-results
/content/abbvie-com2/us/en/test,noindex,Published,Activate,Tue Dec 09 2025 17:17:42 GMT-0500,PREVIEW,/content/abbvie-nextgen-eds/corporate/abbvie-com/language-masters/en/test,/content/abbvie-nextgen-eds/corporate/abbvie-com/us/en/test
/content/abbvie-com2/us/en/who-we-are/operating-with-integrity/transparency-in-payment/abbvie-inquiry/failure,noindex,Unpublished,Deactivate,Wed Jun 03 2026 16:13:58 GMT-0400,SHARMRX18,/content/abbvie-nextgen-eds/corporate/abbvie-com/language-masters/en/who-we-are/operating-with-integrity/transparency-in-payment/abbvie-inquiry/failure,/content/abbvie-nextgen-eds/corporate/abbvie-com/us/en/who-we-are/operating-with-integrity/transparency-in-payment/abbvie-inquiry/failure
/content/abbvie-com2/us/en/who-we-are/operating-with-integrity/transparency-in-payment/abbvie-inquiry/thank-you,noindex,Unpublished,Deactivate,Wed Jun 03 2026 16:13:58 GMT-0400,SHARMRX18,/content/abbvie-nextgen-eds/corporate/abbvie-com/language-masters/en/who-we-are/operating-with-integrity/transparency-in-payment/abbvie-inquiry/thank-you,/content/abbvie-nextgen-eds/corporate/abbvie-com/us/en/who-we-are/operating-with-integrity/transparency-in-payment/abbvie-inquiry/thank-you
/content/abbvie-com2/us/en/who-we-are/our-stories/the-answer-is-Inside-you-the-complexities-of-autoimmune-research,noindex,Published,Activate,Tue Jul 14 2026 13:52:45 GMT-0400,bryanjx9,/content/abbvie-nextgen-eds/corporate/abbvie-com/language-masters/en/who-we-are/our-stories/the-answer-is-Inside-you-the-complexities-of-autoimmune-research,/content/abbvie-nextgen-eds/corporate/abbvie-com/us/en/who-we-are/our-stories/the-answer-is-Inside-you-the-complexities-of-autoimmune-research
